"Source","Waypoint ID","Waypoint Date","Waypoint Time","X","Y","Last Modified","Last Modified By","Observation Category 0","Activity type","Beach name","CCL: curved carapace length","CCW: curved carapace width","D: the total number of dead hatchlings found inside the nest","Date","H: the total number of hatched hatchlings","Nest location","Nest position","Physical abnormality","Physical abnormality - comments","Predation","Turtle species","U: the total number of unhatched eggs in the nest","Observation Group"
"Patrol","10","Jul 30, 2023","4:33:54 PM","97.091075","2.05416","Aug 4, 2023, 3:35:42 PM","Dwi Iqbal Maulana","Sea turtle activity","IS: successful nesting","Amandangan","","","","Jul 30, 2023","","G: dune in grass","A: above high tide","","","Yes","CM: Green turtle","","4bed8bec74ba45a886ae77977b70908b"
"Patrol","9","Jul 30, 2023","4:31:14 PM","97.09067333333333","2.055005","Aug 4, 2023, 3:35:42 PM","Dwi Iqbal Maulana","Sea turtle activity","IS: successful nesting","Amandangan","","","","Jul 30, 2023","","D: dune sand (area on top of dune)","A: above high tide","","","","CM: Green turtle","","3c085d07f04940ecae52948a6f93f67a"
"Patrol","8","Jul 30, 2023","4:28:13 PM","97.08990999999999","2.0563116666666668","Aug 4, 2023, 3:35:42 PM","Dwi Iqbal Maulana","Sea turtle activity","IS: successful nesting","Amandangan","","","","Jul 30, 2023","","T: beneath tree, shrub, forest","A: above high tide","","","","CM: Green turtle","","c7ee9b29237f49c4bd00b86d3593ff8e"
"Patrol","7","Jul 30, 2023","4:27:36 PM","97.08981","2.056318333333333","Aug 4, 2023, 3:35:42 PM","Dwi Iqbal Maulana","Sea turtle activity","FC-U: false crawl without nesting attempt","Amandangan","","","","Jul 30, 2023","","D: dune sand (area on top of dune)","A: above high tide","","","","CM: Green turtle","","dc2e75c65fcf436594b116993cc8d898"
"Patrol","6","Jul 30, 2023","4:22:25 PM","97.08784833333333","2.0583549999999997","Aug 4, 2023, 3:35:42 PM","Dwi Iqbal Maulana","Sea turtle activity","P: predation","Amandangan","","","","Jul 30, 2023","","D: dune sand (area on top of dune)","A: above high tide","","","Yes","CM: Green turtle","","2a4d30ba72034de587a2d14947529661"
"Patrol","5","Jul 30, 2023","4:19:00 PM","97.0869","2.059653333333333","Aug 4, 2023, 3:35:42 PM","Dwi Iqbal Maulana","Sea turtle activity","FC-U: false crawl without nesting attempt","Amandangan","","","","Jul 30, 2023","","D: dune sand (area on top of dune)","A: above high tide","","","","CM: Green turtle","","1a0d9c714a66405aac6a46f06952a76a"
"Patrol","4","Jul 30, 2023","4:16:47 PM","97.08656333333332","2.0602233333333335","Aug 4, 2023, 3:35:42 PM","Dwi Iqbal Maulana","Sea turtle activity","FC-U: false crawl without nesting attempt","Amandangan","","","","Jul 30, 2023","","T: beneath tree, shrub, forest","A: above high tide","","","","CM: Green turtle","","0903913be8e24486ad98205746bee5c5"
"Patrol","3","Jul 30, 2023","4:16:10 PM","97.08655833333333","2.06027","Aug 4, 2023, 3:35:42 PM","Dwi Iqbal Maulana","Sea turtle activity","P: predation","Amandangan","","","","Jul 30, 2023","","T: beneath tree, shrub, forest","A: above high tide","","","","CM: Green turtle","","25879c1a7d6849f7a41fe21bc86145b8"
"Patrol","2","Jul 30, 2023","4:12:36 PM","97.08565500000002","2.0610033333333333","Aug 4, 2023, 3:35:42 PM","Dwi Iqbal Maulana","Sea turtle activity","IS: successful nesting","Amandangan","","","","Jul 30, 2023","","T: beneath tree, shrub, forest","A: above high tide","","","","CM: Green turtle","","777b6bbe1e1a4782a7b7effb6cba4ff0"
"Patrol","7","Jul 29, 2023","10:41:05 AM","97.09139166666667","2.0529366666666666","Aug 4, 2023, 3:35:22 PM","Dwi Iqbal Maulana","Sea turtle activity","IS: successful nesting","Amandangan","","","","Jul 29, 2023","","G: dune in grass","A: above high tide","","","","CM: Green turtle","","f4eeee79dcb143f38bd62e7621d65187"
"Patrol","6","Jul 29, 2023","10:36:45 AM","97.09093666666668","2.0545433333333336","Aug 4, 2023, 3:35:22 PM","Dwi Iqbal Maulana","Sea turtle activity","H: hatching (both direct encounter and visible tracks)","Amandangan","","","","Jul 29, 2023","","G: dune in grass","A: above high tide","","","","CM: Green turtle","","4d564f59e4984b3ab71557981cc44ece"
"Patrol","5","Jul 29, 2023","10:32:24 AM","97.08998166666667","2.055918333333333","Aug 4, 2023, 3:35:22 PM","Dwi Iqbal Maulana","Sea turtle activity","IS: successful nesting","Amandangan","","","","Jul 29, 2023","","S: front slope of dune in sand","A: above high tide","","","","CM: Green turtle","","19cb3c7804e04fe0aa1cb3734a44043c"
"Patrol","4","Jul 29, 2023","10:26:40 AM","97.08826499999999","2.0579383333333334","Aug 4, 2023, 3:35:22 PM","Dwi Iqbal Maulana","Sea turtle activity","FC-U: false crawl without nesting attempt","Amandangan","","","","Jul 29, 2023","","T: beneath tree, shrub, forest","A: above high tide","","","","CM: Green turtle","","abc2ee953e524507a1a4133c608cce02"
"Patrol","3","Jul 29, 2023","10:25:21 AM","97.08806166666666","2.05809","Aug 4, 2023, 3:35:22 PM","Dwi Iqbal Maulana","Sea turtle activity","FC-U: false crawl without nesting attempt","Amandangan","","","","Jul 29, 2023","","T: beneath tree, shrub, forest","A: above high tide","","","","CM: Green turtle","","8eca2d87f6cb4dd3a58d1f00201f8947"
"Patrol","2","Jul 29, 2023","10:20:07 AM","97.08739500000001","2.0595033333333332","Aug 4, 2023, 3:35:22 PM","Dwi Iqbal Maulana","Sea turtle activity","IS: successful nesting","Amandangan","","","","Jul 29, 2023","","S: front slope of dune in sand","A: above high tide","","","","CM: Green turtle","","5368925d40534718bf4af67047e6359b"
"Patrol","3","Jul 28, 2023","10:45:10 PM","97.08737833333335","2.059028333333333","Aug 4, 2023, 3:35:08 PM","Dwi Iqbal Maulana","Sea turtle activity","IS: successful nesting","Amandangan","52.0","59.0","","Jul 28, 2023","","D: dune sand (area on top of dune)","A: above high tide","","","","CM: Green turtle","","36ae51a3dd0d4da9a6ed1d0b824b1572"
"Patrol","2","Jul 28, 2023","10:42:28 PM","97.08740666666667","2.0590699999999997","Aug 4, 2023, 3:35:08 PM","Dwi Iqbal Maulana","Sea turtle activity","IS: successful nesting","Amandangan","48.0","62.0","","Jul 28, 2023","","D: dune sand (area on top of dune)","A: above high tide","","","","CM: Green turtle","","d3d316abc7494f2a833d4873cc0d5048"
"Patrol","3","Jul 28, 2023","10:51:24 AM","97.09040833333331","2.0559000000000003","Aug 4, 2023, 3:34:52 PM","Dwi Iqbal Maulana","Sea turtle activity","IS: successful nesting","Amandangan","","","","Jul 28, 2023","","D: dune sand (area on top of dune)","A: above high tide","","","","CM: Green turtle","","b9f5ba1fea2f4c50a45259340f82b66d"
"Patrol","2","Jul 28, 2023","10:34:24 AM","97.08551666666666","2.060951666666667","Aug 4, 2023, 3:34:52 PM","Dwi Iqbal Maulana","Sea turtle activity","IS: successful nesting","Amandangan","","","","Jul 28, 2023","","T: beneath tree, shrub, forest","A: above high tide","","","","CM: Green turtle","","21395ffadb384b0287c38d2f4aa64361"
"Patrol","6","Jul 27, 2023","10:56:53 PM","97.09138666666668","2.0528916666666666","Aug 4, 2023, 3:34:46 PM","Dwi Iqbal Maulana","Sea turtle activity","IS: successful nesting","Amandangan","109.0","99.0","","Jul 27, 2023","","G: dune in grass","A: above high tide","","","","CM: Green turtle","","287e62bb32204583bcaa35a10ed7ec31"
"Patrol","5","Jul 27, 2023","10:53:58 PM","97.091305","2.05331","Aug 4, 2023, 3:34:46 PM","Dwi Iqbal Maulana","Sea turtle activity","IS: successful nesting","Amandangan","103.0","92.0","","Jul 27, 2023","","G: dune in grass","A: above high tide","","","","CM: Green turtle","","89cc31d97c4445b8a678ff7accad3e07"
"Patrol","4","Jul 27, 2023","10:42:24 PM","97.08825666666668","2.057751666666667","Aug 4, 2023, 3:34:46 PM","Dwi Iqbal Maulana","Sea turtle activity","IS: successful nesting","Amandangan","88.0","79.0","","Jul 27, 2023","","D: dune sand (area on top of dune)","A: above high tide","","","","CM: Green turtle","","e4d95260094c4d3eb85644f44c8c1b5f"
"Patrol","3","Jul 27, 2023","10:38:26 PM","97.08766666666666","2.058606666666667","Aug 4, 2023, 3:34:46 PM","Dwi Iqbal Maulana","Sea turtle activity","IS: successful nesting","Amandangan","98.0","83.0","","Jul 27, 2023","","T: beneath tree, shrub, forest","A: above high tide","","","","CM: Green turtle","","ed4c580c4c9e40fb8f105c99c38eb1b6"
"Patrol","2","Jul 27, 2023","10:34:09 PM","97.08711666666667","2.0597350000000003","Aug 4, 2023, 3:34:46 PM","Dwi Iqbal Maulana","Sea turtle activity","IS: successful nesting","Amandangan","102.0","92.0","","Jul 27, 2023","","D: dune sand (area on top of dune)","A: above high tide","","","","CM: Green turtle","","b29c343925774ab394216fe6ae8ff0f2"
"Patrol","10","Jul 27, 2023","5:52:46 PM","97.08190666666665","2.066988333333333","Aug 4, 2023, 3:34:38 PM","Dwi Iqbal Maulana","Sea turtle activity","IS: successful nesting","Pantai pelanggaran","","","","Jul 27, 2023","","B: beach (between high tide and slope)","BE: between low and high tide","","","","CM: Green turtle","","9184ba39bb8d471193a52a51fe2b3bbd"
"Patrol","9","Jul 27, 2023","5:51:24 PM","97.08179999999999","2.0668599999999997","Aug 4, 2023, 3:34:37 PM","Dwi Iqbal Maulana","Sea turtle activity","FC-U: false crawl without nesting attempt","Pantai pelanggaran","","","","Jul 27, 2023","","B: beach (between high tide and slope)","BE: between low and high tide","","","","CM: Green turtle","","8cfec5d111ee43a790893a77875eaf3c"
"Patrol","8","Jul 27, 2023","5:49:17 PM","97.08155166666666","2.0662733333333336","Aug 4, 2023, 3:34:37 PM","Dwi Iqbal Maulana","Sea turtle activity","IS: successful nesting","Pantai pelanggaran","","","","Jul 27, 2023","","D: dune sand (area on top of dune)","A: above high tide","","","","CM: Green turtle","","09c775379e5f45df8ecbdc7ffbbcfb83"
"Patrol","7","Jul 27, 2023","11:35:02 AM","97.09122","2.053678333333333","Aug 4, 2023, 3:34:37 PM","Dwi Iqbal Maulana","Sea turtle activity","IS: successful nesting","Amandangan","","","","Jul 27, 2023","","D: dune sand (area on top of dune)","A: above high tide","","","","CM: Green turtle","","e82c2ba52f37402fb7533b4c75b2bbc5"
"Patrol","6","Jul 27, 2023","11:29:20 AM","97.09104333333335","2.054305","Aug 4, 2023, 3:34:37 PM","Dwi Iqbal Maulana","Sea turtle activity","P: predation","Amandangan","","","","Jul 27, 2023","","D: dune sand (area on top of dune)","A: above high tide","","","","CM: Green turtle","","47ccd590894e473ba4803ea0df971952"
"Patrol","5","Jul 27, 2023","11:16:12 AM","97.08927666666665","2.056626666666667","Aug 4, 2023, 3:34:37 PM","Dwi Iqbal Maulana","Sea turtle activity","IS: successful nesting","Amandangan","","","","Jul 27, 2023","","T: beneath tree, shrub, forest","A: above high tide","","","","CM: Green turtle","","22bcf732aebf418cb6989cc783883214"
"Patrol","4","Jul 27, 2023","11:11:23 AM","97.08859166666667","2.05737","Aug 4, 2023, 3:34:37 PM","Dwi Iqbal Maulana","Sea turtle activity","FC-U: false crawl without nesting attempt","Amandangan","","","","Jul 27, 2023","","D: dune sand (area on top of dune)","A: above high tide","","Gelombang sampai ke zona semak","","CM: Green turtle","","e2d8b988d5be46bb8c9cadd5d477d0fd"
"Patrol","3","Jul 27, 2023","11:06:52 AM","97.08782666666666","2.058396666666667","Aug 4, 2023, 3:34:37 PM","Dwi Iqbal Maulana","Sea turtle activity","IS: successful nesting","Amandangan","","","","Jul 27, 2023","","T: beneath tree, shrub, forest","A: above high tide","","Tinggi pasang sampai k zona semak","","CM: Green turtle","","c40afebde6ec49e4b3b0cac53755dc4f"
"Patrol","2","Jul 27, 2023","11:00:56 AM","97.08719666666666","2.0596733333333335","Aug 4, 2023, 3:34:37 PM","Dwi Iqbal Maulana","Sea turtle activity","IS: successful nesting","Amandangan","","","","Jul 27, 2023","","D: dune sand (area on top of dune)","A: above high tide","","Sarang dekat dengan sungai","","CM: Green turtle","","3eb4cc36ae0a4987b3fa1460e7dbb1fa"
"Patrol","9","Jul 26, 2023","5:43:07 PM","97.095495","2.0436783333333333","Aug 4, 2023, 3:34:15 PM","Dwi Iqbal Maulana","Sea turtle activity","FC-A: false crawl with nesting attempt","Amandangan","","","","Jul 26, 2023","","T: beneath tree, shrub, forest","A: above high tide","","","","CM: Green turtle","","d7f14fc69b7047498a3a9ffbffd1bdc2"
"Patrol","8","Jul 26, 2023","3:37:44 PM","97.09133833333333","2.0529616666666666","Aug 4, 2023, 3:34:15 PM","Dwi Iqbal Maulana","Sea turtle activity","IS: successful nesting","Amandangan","","","","Jul 26, 2023","","G: dune in grass","A: above high tide","","","","CM: Green turtle","","0b398c84e6944c2eaf798eaa231ee35e"
"Patrol","7","Jul 26, 2023","3:28:21 PM","97.08923333333333","2.0567683333333333","Aug 4, 2023, 3:34:15 PM","Dwi Iqbal Maulana","Sea turtle activity","H: hatching (both direct encounter and visible tracks)","Amandangan","","","","Jul 26, 2023","","T: beneath tree, shrub, forest","A: above high tide","","","","CM: Green turtle","","506aa7947afc4efdad838001a8844f9f"
"Patrol","6","Jul 26, 2023","3:25:50 PM","97.08873833333334","2.057241666666667","Aug 4, 2023, 3:34:15 PM","Dwi Iqbal Maulana","Sea turtle activity","FC-U: false crawl without nesting attempt","Amandangan","","","","Jul 26, 2023","","G: dune in grass","A: above high tide","","","","CM: Green turtle","","701e7343bd6b4c129b3e8f3e83775be4"
"Patrol","5","Jul 26, 2023","3:20:38 PM","97.08748500000002","2.0589933333333335","Aug 4, 2023, 3:34:15 PM","Dwi Iqbal Maulana","Sea turtle activity","IS: successful nesting","Amandangan","","","","Jul 26, 2023","","S: front slope of dune in sand","A: above high tide","","","","CM: Green turtle","","ce8b16847931407993739f88db3411bf"
"Patrol","4","Jul 26, 2023","3:18:18 PM","97.08712500000001","2.0596416666666664","Aug 4, 2023, 3:34:15 PM","Dwi Iqbal Maulana","Sea turtle activity","FC-U: false crawl without nesting attempt","Amandangan","","","","Jul 26, 2023","","S: front slope of dune in sand","A: above high tide","","","","CM: Green turtle","","1a2f6e46a6764af7aed649bb0ea0aaac"
"Patrol","3","Jul 26, 2023","3:16:57 PM","97.08692666666666","2.0597800000000004","Aug 4, 2023, 3:34:15 PM","Dwi Iqbal Maulana","Sea turtle activity","FC-U: false crawl without nesting attempt","Amandangan","","","","Jul 26, 2023","","S: front slope of dune in sand","A: above high tide","","","","CM: Green turtle","","dfc63f6617924ada9bd8de4ab7595dee"
"Patrol","2","Jul 26, 2023","3:13:23 PM","97.08587166666666","2.0607166666666665","Aug 4, 2023, 3:34:15 PM","Dwi Iqbal Maulana","Sea turtle activity","FC-U: false crawl without nesting attempt","Amandangan","","","","Jul 26, 2023","","T: beneath tree, shrub, forest","A: above high tide","","","","CM: Green turtle","","13638d4db42c4cd19ef83f9ca3f5a71a"
"Patrol","2","Jul 25, 2023","10:24:31 PM","97.091285","2.0533266666666665","Aug 4, 2023, 3:33:52 PM","Dwi Iqbal Maulana","Sea turtle activity","IS: successful nesting","Amandangan","102.0","97.0","","Jul 25, 2023","","G: dune in grass","A: above high tide","","","","CM: Green turtle","","640cd89705e84ce6963c6bf3ad413116"
"Patrol","9","Jul 25, 2023","3:33:32 PM","97.09123","2.053595","Aug 4, 2023, 3:32:38 PM","Dwi Iqbal Maulana","Sea turtle activity","IS: successful nesting","Amandangan","","","","Jul 25, 2023","","G: dune in grass","A: above high tide","","","","CM: Green turtle","","712bb0f60f8946b7b8023ffd2670b9ad"
"Patrol","8","Jul 25, 2023","3:27:42 PM","97.08992000000002","2.055988333333333","Aug 4, 2023, 3:32:38 PM","Dwi Iqbal Maulana","Sea turtle activity","H: hatching (both direct encounter and visible tracks)","Amandangan","","","","Jul 25, 2023","","D: dune sand (area on top of dune)","A: above high tide","","","","CM: Green turtle","","1f024f12b9c34086948867e06466b7b6"
"Patrol","7","Jul 25, 2023","3:25:55 PM","97.08975833333334","2.056156666666667","Aug 4, 2023, 3:32:38 PM","Dwi Iqbal Maulana","Sea turtle activity","H: hatching (both direct encounter and visible tracks)","Pantai kecil","","","","Jul 25, 2023","","D: dune sand (area on top of dune)","A: above high tide","","","","CM: Green turtle","","cf3b8e34b174483ebd42d75c01f49c06"
"Patrol","6","Jul 25, 2023","3:22:22 PM","97.08880166666668","2.057095","Aug 4, 2023, 3:32:38 PM","Dwi Iqbal Maulana","Sea turtle activity","FC-U: false crawl without nesting attempt","Amandangan","","","","Jul 25, 2023","","","","","","","CM: Green turtle","","2570cec6e5304625bc839bf0002fad6b"
"Patrol","5","Jul 25, 2023","3:20:21 PM","97.08834666666668","2.0576833333333338","Aug 4, 2023, 3:32:38 PM","Dwi Iqbal Maulana","Sea turtle activity","IS: successful nesting","Amandangan","","","","Jul 25, 2023","","D: dune sand (area on top of dune)","A: above high tide","","","","CM: Green turtle","","18e872fb0173444885d2a8620fe93a81"
"Patrol","4","Jul 25, 2023","3:14:46 PM","97.08723","2.0595383333333337","Aug 4, 2023, 3:32:38 PM","Dwi Iqbal Maulana","Sea turtle activity","IS: successful nesting","Amandangan","","","","Jul 25, 2023","","D: dune sand (area on top of dune)","A: above high tide","","","","CM: Green turtle","","f08a9d03861742c2a005a4bd40a47713"
"Patrol","3","Jul 25, 2023","3:13:39 PM","97.08717","2.059501666666667","Aug 4, 2023, 3:32:38 PM","Dwi Iqbal Maulana","Sea turtle activity","FC-A: false crawl with nesting attempt","Amandangan","","","","Jul 25, 2023","","","","","","","CM: Green turtle","","202abf08edae447ebaada9448e8d66cb"
"Patrol","2","Jul 25, 2023","3:11:41 PM","97.08683666666666","2.0597016666666668","Aug 4, 2023, 3:32:38 PM","Dwi Iqbal Maulana","Sea turtle activity","FC-U: false crawl without nesting attempt","Amandangan","","","","Jul 25, 2023","","B: beach (between high tide and slope)","BL: below tidal line","","","","CM: Green turtle","","7dd63d713c5b40b4a07d86e1a35f9d7c"
"Patrol","3","Jul 24, 2023","10:57:12 PM","97.09129999999999","2.053318333333333","Aug 4, 2023, 3:32:08 PM","Dwi Iqbal Maulana","Sea turtle activity","IS: successful nesting","Amandangan","98.0","88.0","","Jul 24, 2023","","G: dune in grass","A: above high tide","","","","CM: Green turtle","","8c374849caec43cbac1fad09dbcc0161"
"Patrol","2","Jul 24, 2023","10:44:19 PM","97.08861833333334","2.0573400000000004","Aug 4, 2023, 3:32:08 PM","Dwi Iqbal Maulana","Sea turtle activity","IS: successful nesting","Amandangan","100.0","91.0","","Jul 24, 2023","","T: beneath tree, shrub, forest","A: above high tide","","","","CM: Green turtle","","80c8b60e2df04e7c8ac0568f32d26d61"
"Patrol","15","Jul 24, 2023","6:24:22 PM","97.08982333333333","2.05607","Aug 4, 2023, 3:32:02 PM","Dwi Iqbal Maulana","Sea turtle activity","H: hatching (both direct encounter and visible tracks)","Amandangan","","","","Jul 24, 2023","40.0","D: dune sand (area on top of dune)","A: above high tide","","","","CM: Green turtle","5.0","bded690f41304177989c7de388e37615"
"Patrol","14","Jul 24, 2023","6:11:24 PM","97.09130333333333","2.0526216666666666","Aug 4, 2023, 3:32:02 PM","Dwi Iqbal Maulana","Sea turtle activity","P: predation","Amandangan","","","","Jul 24, 2023","","G: dune in grass","A: above high tide","","","Yes","CM: Green turtle","","6959396d68214449b047c28626471564"
"Patrol","13","Jul 24, 2023","6:09:37 PM","97.09128833333334","2.05317","Aug 4, 2023, 3:32:02 PM","Dwi Iqbal Maulana","Sea turtle activity","FC-U: false crawl without nesting attempt","Amandangan","","","","Jul 24, 2023","","D: dune sand (area on top of dune)","A: above high tide","","","","CM: Green turtle","","1440a20d9036446c8186e96693da2a3f"
"Patrol","12","Jul 24, 2023","6:07:25 PM","97.09126166666668","2.053471666666667","Aug 4, 2023, 3:32:02 PM","Dwi Iqbal Maulana","Sea turtle activity","H: hatching (both direct encounter and visible tracks)","Amandangan","","","","Jul 24, 2023","7.0","D: dune sand (area on top of dune)","A: above high tide","","Tukik 5 ekor di ambil babinsa teluk nibubg dan yudis, atas izin BKSDA","","CM: Green turtle","5.0","fd5a73651b524eed84eb0235df417fd0"
"Patrol","11","Jul 24, 2023","5:56:53 PM","97.09093166666668","2.054133333333333","Aug 4, 2023, 3:32:02 PM","Dwi Iqbal Maulana","Sea turtle activity","FC-U: false crawl without nesting attempt","Amandangan","","","","Jul 24, 2023","","D: dune sand (area on top of dune)","A: above high tide","","","","CM: Green turtle","","f2745e84167447e4b59bfaf7f3bcad35"
"Patrol","10","Jul 24, 2023","5:54:04 PM","97.09082666666667","2.0547633333333333","Aug 4, 2023, 3:32:02 PM","Dwi Iqbal Maulana","Sea turtle activity","H: hatching (both direct encounter and visible tracks)","Amandangan","5.0","4.0","","Jul 24, 2023","101.0","D: dune sand (area on top of dune)","A: above high tide","","Satu tukik telah di ambil babinsa teluk nibung dan yudis basrnas, Atas uzin kamba BKSDA","","CM: Green turtle","1.0","c0c662f3bd624f309511c1f9ab0b5b98"
"Patrol","9","Jul 24, 2023","5:37:41 PM","97.09071","2.0549233333333334","Aug 4, 2023, 3:32:02 PM","Dwi Iqbal Maulana","Sea turtle activity","H: hatching (both direct encounter and visible tracks)","Amandangan","","","","Jul 24, 2023","","D: dune sand (area on top of dune)","A: above high tide","","Tidak jumpa","","CM: Green turtle","","cf10fdcbdf224213925034921ed7775b"
"Patrol","8","Jul 24, 2023","5:23:30 PM","97.09045333333333","2.055451666666667","Aug 4, 2023, 3:32:02 PM","Dwi Iqbal Maulana","Sea turtle activity","IS: successful nesting","Amandangan","","","","Jul 24, 2023","","D: dune sand (area on top of dune)","A: above high tide","","","","CM: Green turtle","","aa3ada56611e4c3882cd9928aaecfcfc"
"Patrol","7","Jul 24, 2023","5:21:55 PM","97.09015833333333","2.055705","Aug 4, 2023, 3:32:02 PM","Dwi Iqbal Maulana","Sea turtle activity","IS: successful nesting","Amandangan","","","","Jul 24, 2023","","D: dune sand (area on top of dune)","A: above high tide","","","","CM: Green turtle","","404fc2fba1284767a96bd7535bc01ca7"
"Patrol","6","Jul 24, 2023","5:12:23 PM","97.08733333333333","2.0593549999999996","Aug 4, 2023, 3:32:02 PM","Dwi Iqbal Maulana","Sea turtle activity","IS: successful nesting","Amandangan","","","","Jul 24, 2023","","G: dune in grass","A: above high tide","","","","CM: Green turtle","","daeb0eaa90d046b7a114eb052d142790"
"Patrol","5","Jul 24, 2023","5:11:18 PM","97.0872","2.0592966666666666","Aug 4, 2023, 3:32:02 PM","Dwi Iqbal Maulana","Sea turtle activity","IS: successful nesting","Amandangan","","","","Jul 24, 2023","","B: beach (between high tide and slope)","A: above high tide","","","","CM: Green turtle","","6cb49ce7e16a44f8b13a95eaf3918c0e"
"Patrol","4","Jul 24, 2023","5:09:41 PM","97.08700666666667","2.0594883333333334","Aug 4, 2023, 3:32:02 PM","Dwi Iqbal Maulana","Sea turtle activity","FC-U: false crawl without nesting attempt","Amandangan","","","","Jul 24, 2023","","B: beach (between high tide and slope)","BE: between low and high tide","","","","CM: Green turtle","","9bfb2dc51d934bdb94f84e9b207beec1"
"Patrol","3","Jul 24, 2023","5:09:00 PM","97.08701","2.059536666666667","Aug 4, 2023, 3:32:02 PM","Dwi Iqbal Maulana","Sea turtle activity","FC-U: false crawl without nesting attempt","Amandangan","","","","Jul 24, 2023","","B: beach (between high tide and slope)","BE: between low and high tide","","","","CM: Green turtle","","68c3dd45366c40baa7f1d79a279873fa"
"Patrol","2","Jul 24, 2023","5:08:00 PM","97.08692","2.0596216666666667","Aug 4, 2023, 3:32:02 PM","Dwi Iqbal Maulana","Sea turtle activity","FC-U: false crawl without nesting attempt","Amandangan","","","","Jul 24, 2023","","B: beach (between high tide and slope)","BE: between low and high tide","","","","CM: Green turtle","","2c31d2527993425faea385c0e2e65bd8"
"Patrol","6","Jul 23, 2023","10:13:28 PM","97.09090999999998","2.05442","Aug 4, 2023, 3:31:24 PM","Dwi Iqbal Maulana","Sea turtle activity","IS: successful nesting","Amandangan","103.0","95.0","","Jul 23, 2023","","D: dune sand (area on top of dune)","A: above high tide","","","","CM: Green turtle","","cbeab48619324941835ee844519469a0"
"Patrol","5","Jul 23, 2023","10:10:43 PM","97.09075666666668","2.05492","Aug 4, 2023, 3:31:24 PM","Dwi Iqbal Maulana","Sea turtle activity","IS: successful nesting","Amandangan","56.0","68.0","","Jul 23, 2023","","G: dune in grass","A: above high tide","","","","CM: Green turtle","","1f2ff1aada274cbca8edae2e6df5308e"
"Patrol","4","Jul 23, 2023","10:07:10 PM","97.09044","2.0553283333333336","Aug 4, 2023, 3:31:24 PM","Dwi Iqbal Maulana","Sea turtle activity","IS: successful nesting","Amandangan","93.0","98.0","","Jul 23, 2023","","D: dune sand (area on top of dune)","A: above high tide","","","","CM: Green turtle","","b95e3995ea844fdcbfa2b9153c770d27"
"Patrol","3","Jul 23, 2023","9:58:45 PM","97.089485","2.0564283333333337","Aug 4, 2023, 3:31:24 PM","Dwi Iqbal Maulana","Sea turtle activity","IS: successful nesting","Amandangan","53.0","90.0","","Jul 23, 2023","","D: dune sand (area on top of dune)","A: above high tide","","","","CM: Green turtle","","a73e201260c5495c827fa142a48cf253"
"Patrol","2","Jul 23, 2023","9:51:35 PM","97.08755166666667","2.0588866666666665","Aug 4, 2023, 3:31:24 PM","Dwi Iqbal Maulana","Sea turtle activity","IS: successful nesting","Amandangan","104.0","94.0","","Jul 23, 2023","","D: dune sand (area on top of dune)","A: above high tide","","","","CM: Green turtle","","d7b1aae021c1484d90dac8dc97373514"
"Patrol","12","Jul 23, 2023","8:56:39 AM","97.08991333333333","2.0560133333333335","Aug 4, 2023, 3:31:11 PM","Dwi Iqbal Maulana","Sea turtle activity","H: hatching (both direct encounter and visible tracks)","Amandangan","","","6.0","Jul 23, 2023","38.0","T: beneath tree, shrub, forest","A: above high tide","","","","CM: Green turtle","6.0","6b20060c617a44b6886c90c334b95f9c"
"Patrol","11","Jul 23, 2023","8:24:10 AM","97.09122","2.05371","Aug 4, 2023, 3:31:11 PM","Dwi Iqbal Maulana","Sea turtle activity","P: predation","Amandangan","","","","Jul 23, 2023","","T: beneath tree, shrub, forest","A: above high tide","","","Yes","CM: Green turtle","","a65d66511cc8432fb888846bc9b12bea"
"Patrol","10","Jul 23, 2023","8:22:39 AM","97.09122333333335","2.053775","Aug 4, 2023, 3:31:11 PM","Dwi Iqbal Maulana","Sea turtle activity","IS: successful nesting","Amandangan","","","","Jul 23, 2023","","G: dune in grass","A: above high tide","","","","CM: Green turtle","","787dee2f519d44159151eec75578f1c6"
"Patrol","9","Jul 23, 2023","8:17:32 AM","97.09093499999999","2.0544783333333334","Aug 4, 2023, 3:31:11 PM","Dwi Iqbal Maulana","Sea turtle activity","H: hatching (both direct encounter and visible tracks)","Amandangan","","","","Jul 23, 2023","26.0","G: dune in grass","A: above high tide","","","","CM: Green turtle","7.0","9cb919820cc64fa7ad6b18a42599f5c5"
"Patrol","8","Jul 23, 2023","8:11:02 AM","97.09089999999999","2.0546266666666666","Aug 4, 2023, 3:31:11 PM","Dwi Iqbal Maulana","Sea turtle activity","IS: successful nesting","Amandangan","","","","Jul 23, 2023","","T: beneath tree, shrub, forest","A: above high tide","","","","CM: Green turtle","","673b3e31b152452ba7038acd95503820"
"Patrol","7","Jul 23, 2023","8:04:54 AM","97.08939833333334","2.056543333333333","Aug 4, 2023, 3:31:11 PM","Dwi Iqbal Maulana","Sea turtle activity","FC-U: false crawl without nesting attempt","Amandangan","","","","Jul 23, 2023","","G: dune in grass","A: above high tide","","","","CM: Green turtle","","9e9d8bf38ac44b89a620a4d54d6a10db"
"Patrol","6","Jul 23, 2023","8:02:57 AM","97.08900166666666","2.0569166666666665","Aug 4, 2023, 3:31:11 PM","Dwi Iqbal Maulana","Sea turtle activity","IS: successful nesting","Amandangan","","","","Jul 23, 2023","","G: dune in grass","A: above high tide","","","","CM: Green turtle","","31fe0d15086648799691fe31faae1f42"
"Patrol","5","Jul 23, 2023","7:59:15 AM","97.08802333333333","2.0581766666666668","Aug 4, 2023, 3:31:11 PM","Dwi Iqbal Maulana","Sea turtle activity","IS: successful nesting","Amandangan","","","","Jul 23, 2023","","G: dune in grass","A: above high tide","","","","CM: Green turtle","","e5f1f14cdc00499da5fda0e67ea9a616"
"Patrol","4","Jul 23, 2023","7:57:21 AM","97.087925","2.0582599999999998","Aug 4, 2023, 3:31:11 PM","Dwi Iqbal Maulana","Sea turtle activity","IS: successful nesting","Amandangan","","","","Jul 23, 2023","","G: dune in grass","A: above high tide","","","","CM: Green turtle","","70c5d09dc40a4cafbcd5cd2485f4e61b"
"Patrol","3","Jul 23, 2023","7:54:48 AM","97.08756166666666","2.0588183333333334","Aug 4, 2023, 3:31:11 PM","Dwi Iqbal Maulana","Sea turtle activity","IS: successful nesting","Amandangan","","","","Jul 23, 2023","","G: dune in grass","A: above high tide","","","","CM: Green turtle","","0b1e70c66d80420984e883d9de06612d"
"Patrol","2","Jul 23, 2023","7:52:32 AM","97.08733666666667","2.059143333333333","Aug 4, 2023, 3:31:10 PM","Dwi Iqbal Maulana","Sea turtle activity","IS: successful nesting","Amandangan","","","","Jul 23, 2023","","G: dune in grass","A: above high tide","","","","CM: Green turtle","","da55f49b04184b6ea1f7f29c382911c9"
"Patrol","4","Jul 22, 2023","10:32:17 PM","97.08728833333335","2.059605","Aug 4, 2023, 3:30:42 PM","Dwi Iqbal Maulana","Sea turtle activity","IS: successful nesting","Amandangan","80.0","86.0","","Jul 22, 2023","","D: dune sand (area on top of dune)","A: above high tide","","","","CM: Green turtle","","668772a2e8d44076b2033c75ae8f2d23"
"Patrol","3","Jul 22, 2023","10:29:08 PM","97.08721166666668","2.059651666666667","Aug 4, 2023, 3:30:42 PM","Dwi Iqbal Maulana","Sea turtle activity","IS: successful nesting","Amandangan","71.0","81.0","","Jul 22, 2023","","D: dune sand (area on top of dune)","A: above high tide","","","","CM: Green turtle","","d65c7686a06643f2b13cd783866b6e3f"
"Patrol","2","Jul 22, 2023","10:10:20 PM","97.08640166666667","2.06039","Aug 4, 2023, 3:30:42 PM","Dwi Iqbal Maulana","Sea turtle activity","IS: successful nesting","Amandangan","84.0","95.0","","Jul 22, 2023","","D: dune sand (area on top of dune)","A: above high tide","","","","CM: Green turtle","","51fcec4ef2f3490184903e8cf90c1435"
"Patrol","3","Jul 22, 2023","3:37:14 PM","97.09122666666666","2.053786666666667","Aug 4, 2023, 3:30:38 PM","Dwi Iqbal Maulana","Sea turtle activity","IS: successful nesting","Amandangan","","","","Jul 22, 2023","","T: beneath tree, shrub, forest","A: above high tide","","","","CM: Green turtle","","7181f5b55f044836918e4cd9f309084c"
"Patrol","2","Jul 22, 2023","3:26:41 PM","97.08830166666667","2.05785","Aug 4, 2023, 3:30:37 PM","Dwi Iqbal Maulana","Sea turtle activity","FC-U: false crawl without nesting attempt","Amandangan","","","","Jul 22, 2023","","","","","","","CM: Green turtle","","f34978c1871f435ab66e7d56994351ad"
"Patrol","3","Jul 21, 2023","9:51:05 PM","97.08952833333333","2.0563866666666666","Aug 4, 2023, 3:30:33 PM","Dwi Iqbal Maulana","Sea turtle activity","IS: successful nesting","Amandangan","99.0","93.0","","Jul 21, 2023","","G: dune in grass","A: above high tide","","","","CM: Green turtle","","dd2a0ec6a9ef45d28291d7193e3c1d1d"
"Patrol","2","Jul 21, 2023","9:41:06 PM","97.08747166666666","2.0589416666666667","Aug 4, 2023, 3:30:33 PM","Dwi Iqbal Maulana","Sea turtle activity","IS: successful nesting","Amandangan","109.0","95.0","","Jul 21, 2023","","D: dune sand (area on top of dune)","A: above high tide","","","","CM: Green turtle","","a0e166d31ab94035bdfb8a774b3d2291"
"Patrol","9","Jul 21, 2023","11:10:21 AM","97.09136833333332","2.053045","Aug 4, 2023, 3:30:17 PM","Dwi Iqbal Maulana","Sea turtle activity","IS: successful nesting","Amandangan","","","","Jul 21, 2023","","D: dune sand (area on top of dune)","A: above high tide","","","","CM: Green turtle","","1d88f35316bb481b905b97c4eb64acf7"
"Patrol","8","Jul 21, 2023","11:07:29 AM","97.09133833333333","2.0531766666666664","Aug 4, 2023, 3:30:17 PM","Dwi Iqbal Maulana","Sea turtle activity","H: hatching (both direct encounter and visible tracks)","Amandangan","","","1.0","Jul 21, 2023","","D: dune sand (area on top of dune)","A: above high tide","","Tidak ditemukan cangkang karena banyak sekali akar di dalam sarang. Yg di temukan di dalam sarang hanya satu ekor kepiting dan satu ekor tukik mati","","CM: Green turtle","","c6c1e61f06644df9a21d01403a7c2291"
"Patrol","7","Jul 21, 2023","10:59:37 AM","97.09132","2.0532833333333333","Aug 4, 2023, 3:30:17 PM","Dwi Iqbal Maulana","Sea turtle activity","IS: successful nesting","Amandangan","","","","Jul 21, 2023","","D: dune sand (area on top of dune)","A: above high tide","","","","CM: Green turtle","","31652127dd3e4d6fab73fe7e6e91287c"
"Patrol","6","Jul 21, 2023","10:48:10 AM","97.09093999999999","2.0548166666666665","Aug 4, 2023, 3:30:17 PM","Dwi Iqbal Maulana","Sea turtle activity","IS: successful nesting","Amandangan","","","","Jul 21, 2023","","D: dune sand (area on top of dune)","A: above high tide","","Tidak bnyak jejeak di temukan karena gelombang besar,","","CM: Green turtle","","a0ecf400d86240c2b162bb7c9a349d6a"
"Patrol","5","Jul 21, 2023","10:43:17 AM","97.09045499999999","2.0554550000000003","Aug 4, 2023, 3:30:17 PM","Dwi Iqbal Maulana","Sea turtle activity","H: hatching (both direct encounter and visible tracks)","Amandangan","","","","Jul 21, 2023","7.0","D: dune sand (area on top of dune)","A: above high tide","","Tidak banyak di temukan cangkang telur,, dan di dalam sarang sangat busuk karena tukik mati,, Kemungkinan sarang ini predasi dan itulah kenapa tidak banyak tukik","Yes","CM: Green turtle","","9a0e7768e4874c6884a12118b4cd586b"
"Patrol","4","Jul 21, 2023","10:22:52 AM","97.08893666666667","2.0570916666666665","Aug 4, 2023, 3:30:17 PM","Dwi Iqbal Maulana","Sea turtle activity","IS: successful nesting","Amandangan","","","","Jul 21, 2023","","G: dune in grass","A: above high tide","","Jejak penyu naik dan turun tidak terlihat karena di hapus oleh gelombang,,, Gelombang sampai ke zona semak","","CM: Green turtle","","0fb31ba97c7748048cdc76c745c8c4b1"
"Patrol","3","Jul 21, 2023","10:16:39 AM","97.08799166666668","2.05827","Aug 4, 2023, 3:30:17 PM","Dwi Iqbal Maulana","Sea turtle activity","P: predation","Amandangan","","","","Jul 21, 2023","","D: dune sand (area on top of dune)","A: above high tide","","","Yes","CM: Green turtle","","a11eaa4fb518407dbde56d9ccea5a5c4"
"Patrol","2","Jul 21, 2023","10:14:06 AM","97.08781499999999","2.0585333333333335","Aug 4, 2023, 3:30:17 PM","Dwi Iqbal Maulana","Sea turtle activity","P: predation","Amandangan","","","","Jul 21, 2023","","T: beneath tree, shrub, forest","A: above high tide","","","Yes","CM: Green turtle","","bee23c49375945be9857e05b57fc95db"
"Patrol","3","Jul 20, 2023","10:59:59 PM","97.09135333333333","2.0530583333333334","Aug 4, 2023, 3:29:27 PM","Dwi Iqbal Maulana","Sea turtle activity","IS: successful nesting","Amandangan","","","","Jul 20, 2023","","G: dune in grass","A: above high tide","","Tidak dapat di ukur karena penyu sudah kembali","","CM: Green turtle","","1b4c6fcc0cd141b483f2262fb605fc44"
"Patrol","2","Jul 20, 2023","10:41:35 PM","97.08785166666667","2.0583933333333335","Aug 4, 2023, 3:29:27 PM","Dwi Iqbal Maulana","Sea turtle activity","IS: successful nesting","Amandangan","","","","Jul 20, 2023","","D: dune sand (area on top of dune)","A: above high tide","","","","CM: Green turtle","","04b4d584229d42cd8915044c1f281cf9"
"Patrol","7","Jul 20, 2023","2:21:00 PM","97.09125166666666","2.0538049999999997","Aug 4, 2023, 3:29:19 PM","Dwi Iqbal Maulana","Sea turtle activity","P: predation","Amandangan","","","","Jul 20, 2023","","","","","","Yes","CM: Green turtle","","25c0a0bb55df469dbe9ae5f06acd1931"
"Patrol","6","Jul 20, 2023","2:16:25 PM","97.09046333333332","2.0553966666666668","Aug 4, 2023, 3:29:19 PM","Dwi Iqbal Maulana","Sea turtle activity","IS: successful nesting","Amandangan","","","","Jul 20, 2023","","G: dune in grass","A: above high tide","","","","CM: Green turtle","","55a0038559e14af99b60b943f4fe018b"
"Patrol","5","Jul 20, 2023","2:10:41 PM","97.089305","2.056773333333333","Aug 4, 2023, 3:29:19 PM","Dwi Iqbal Maulana","Sea turtle activity","IS: successful nesting","Amandangan","","","","Jul 20, 2023","","T: beneath tree, shrub, forest","A: above high tide","","","","CM: Green turtle","","f69393f6bcf7475da4685f8accf8ca4f"
"Patrol","4","Jul 20, 2023","2:05:51 PM","97.08803333333331","2.0582183333333335","Aug 4, 2023, 3:29:19 PM","Dwi Iqbal Maulana","Sea turtle activity","IS: successful nesting","Amandangan","","","","Jul 20, 2023","","S: front slope of dune in sand","A: above high tide","","","","CM: Green turtle","","52f4a16ebe344b6db2c932d6f0bc7016"
"Patrol","3","Jul 20, 2023","2:03:47 PM","97.08778","2.0585400000000003","Aug 4, 2023, 3:29:19 PM","Dwi Iqbal Maulana","Sea turtle activity","IS: successful nesting","Amandangan","","","","Jul 20, 2023","","T: beneath tree, shrub, forest","A: above high tide","","","","CM: Green turtle","","eac59c50c857426c85c994f75c0b3808"
"Patrol","2","Jul 20, 2023","1:59:54 PM","97.08719333333332","2.059653333333333","Aug 4, 2023, 3:29:19 PM","Dwi Iqbal Maulana","Sea turtle activity","FC-U: false crawl without nesting attempt","Amandangan","","","","Jul 20, 2023","","S: front slope of dune in sand","A: above high tide","","","","CM: Green turtle","","504c49d2102a4c1a85879c7d8e60b8e7"
"Patrol","7","Jul 19, 2023","3:07:51 PM","97.09132","2.0527666666666664","Aug 4, 2023, 3:28:54 PM","Dwi Iqbal Maulana","Sea turtle activity","FC-A: false crawl with nesting attempt","Amandangan","","","","Jul 19, 2023","","G: dune in grass","A: above high tide","","","","CM: Green turtle","","ff25728235724e34bb1ac56e2aa1b1a4"
"Patrol","6","Jul 19, 2023","3:05:13 PM","97.09135333333333","2.0531916666666663","Aug 4, 2023, 3:28:54 PM","Dwi Iqbal Maulana","Sea turtle activity","IS: successful nesting","Amandangan","","","","Jul 19, 2023","","D: dune sand (area on top of dune)","A: above high tide","","","","CM: Green turtle","","6073de2c835b42b298d10792c12727a7"
"Patrol","5","Jul 19, 2023","2:59:34 PM","97.09068666666666","2.05516","Aug 4, 2023, 3:28:53 PM","Dwi Iqbal Maulana","Sea turtle activity","IS: successful nesting","Amandangan","","","","Jul 19, 2023","","G: dune in grass","A: above high tide","","","","CM: Green turtle","","4b9c62c05fab4ad9974ad6edc55b9c91"
"Patrol","4","Jul 19, 2023","2:51:59 PM","97.08870999999999","2.0572700000000004","Aug 4, 2023, 3:28:53 PM","Dwi Iqbal Maulana","Sea turtle activity","IS: successful nesting","Amandangan","","","","Jul 19, 2023","","G: dune in grass","A: above high tide","","","","CM: Green turtle","","344ee2b226814e39b47fa5133f96bfad"
"Patrol","3","Jul 19, 2023","2:49:33 PM","97.08817333333333","2.057818333333333","Aug 4, 2023, 3:28:53 PM","Dwi Iqbal Maulana","Sea turtle activity","IS: successful nesting","Amandangan","","","","Jul 19, 2023","","B: beach (between high tide and slope)","BL: below tidal line","","","","CM: Green turtle","","ef3b0a821ea64b37bd150a94ef77c6a3"
"Patrol","2","Jul 19, 2023","2:47:29 PM","97.08798166666665","2.0582416666666665","Aug 4, 2023, 3:28:53 PM","Dwi Iqbal Maulana","Sea turtle activity","H: hatching (both direct encounter and visible tracks)","Amandangan","","","","Jul 19, 2023","","D: dune sand (area on top of dune)","A: above high tide","","","","CM: Green turtle","","b740b8211ed24e718934d1d1087179ba"
"Patrol","14","Jul 18, 2023","10:20:14 AM","97.09130166666667","2.052563333333333","Aug 4, 2023, 3:28:34 PM","Dwi Iqbal Maulana","Sea turtle activity","FC-U: false crawl without nesting attempt","Amandangan","","","","Jul 18, 2023","","D: dune sand (area on top of dune)","A: above high tide","","","","CM: Green turtle","","952a6b266e0340c4b6ef266c7f19e29d"
"Patrol","13","Jul 18, 2023","10:18:02 AM","97.09134833333334","2.052583333333333","Aug 4, 2023, 3:28:34 PM","Dwi Iqbal Maulana","Sea turtle activity","IS: successful nesting","Amandangan","","","","Jul 18, 2023","","T: beneath tree, shrub, forest","A: above high tide","","","","CM: Green turtle","","2ba43d7fbea94860bfe80167e29807e7"
"Patrol","12","Jul 18, 2023","10:15:22 AM","97.091345","2.0528816666666665","Aug 4, 2023, 3:28:34 PM","Dwi Iqbal Maulana","Sea turtle activity","FC-U: false crawl without nesting attempt","Amandangan","","","","Jul 18, 2023","","D: dune sand (area on top of dune)","A: above high tide","","","","CM: Green turtle","","39b398bf9ca14f1e8e35d61e52aed6f8"
"Patrol","11","Jul 18, 2023","10:13:47 AM","97.091355","2.0530633333333332","Aug 4, 2023, 3:28:34 PM","Dwi Iqbal Maulana","Sea turtle activity","IS: successful nesting","Amandangan","","","","Jul 18, 2023","","D: dune sand (area on top of dune)","A: above high tide","","","","CM: Green turtle","","84479a3690ab474a83ade675fa868fee"
"Patrol","10","Jul 18, 2023","10:10:14 AM","97.09107","2.054103333333333","Aug 4, 2023, 3:28:34 PM","Dwi Iqbal Maulana","Sea turtle activity","FC-U: false crawl without nesting attempt","Amandangan","","","","Jul 18, 2023","","D: dune sand (area on top of dune)","A: above high tide","","","","CM: Green turtle","","eeb0de4335d84e33be62bbb9facceaf8"
"Patrol","9","Jul 18, 2023","10:07:47 AM","97.09091500000001","2.0544116666666667","Aug 4, 2023, 3:28:34 PM","Dwi Iqbal Maulana","Sea turtle activity","IS: successful nesting","Amandangan","","","","Jul 18, 2023","","D: dune sand (area on top of dune)","A: above high tide","","","","CM: Green turtle","","764c7c0d5cb34eb4a5e87b95a747eb16"
"Patrol","8","Jul 18, 2023","10:00:41 AM","97.09064833333332","2.0549016666666664","Aug 4, 2023, 3:28:34 PM","Dwi Iqbal Maulana","Sea turtle activity","H: hatching (both direct encounter and visible tracks)","Amandangan","","","","Jul 18, 2023","79.0","D: dune sand (area on top of dune)","A: above high tide","","","","CM: Green turtle","10.0","45f8cc8e926044908c25f4a975a1366e"
"Patrol","7","Jul 18, 2023","9:45:59 AM","97.09085666666667","2.0545850000000003","Aug 4, 2023, 3:28:34 PM","Dwi Iqbal Maulana","Sea turtle activity","IS: successful nesting","Amandangan","","","","Jul 18, 2023","","D: dune sand (area on top of dune)","A: above high tide","","","","CM: Green turtle","","77eed00ea71448659c4829c8e486266d"
"Patrol","6","Jul 18, 2023","9:43:02 AM","97.09056166666666","2.0551150000000002","Aug 4, 2023, 3:28:34 PM","Dwi Iqbal Maulana","Sea turtle activity","IS: successful nesting","Amandangan","","","","Jul 18, 2023","","D: dune sand (area on top of dune)","A: above high tide","","","","CM: Green turtle","","a29f840fbfc54271b9529810b9a7a565"
"Patrol","5","Jul 18, 2023","9:35:02 AM","97.08850833333332","2.0574999999999997","Aug 4, 2023, 3:28:34 PM","Dwi Iqbal Maulana","Sea turtle activity","FC-U: false crawl without nesting attempt","Amandangan","","","","Jul 18, 2023","","D: dune sand (area on top of dune)","A: above high tide","","","","CM: Green turtle","","31fffd50f3934c96b3feafafb4f5a1d4"
"Patrol","4","Jul 18, 2023","9:33:52 AM","97.08845500000001","2.0575533333333333","Aug 4, 2023, 3:28:34 PM","Dwi Iqbal Maulana","Sea turtle activity","IS: successful nesting","Amandangan","","","","Jul 18, 2023","","D: dune sand (area on top of dune)","A: above high tide","","","","CM: Green turtle","","4d0230549eb34b3c984d5ccb19c7555b"
"Patrol","3","Jul 18, 2023","9:31:31 AM","97.08825999999999","2.0578100000000004","Aug 4, 2023, 3:28:34 PM","Dwi Iqbal Maulana","Sea turtle activity","FC-U: false crawl without nesting attempt","Amandangan","","","","Jul 18, 2023","","D: dune sand (area on top of dune)","A: above high tide","","","","CM: Green turtle","","496ae06c2be44d00a4d5a4e86d18e55d"
"Patrol","2","Jul 18, 2023","9:21:16 AM","97.08561499999999","2.06093","Aug 4, 2023, 3:28:34 PM","Dwi Iqbal Maulana","Sea turtle activity","IS: successful nesting","Amandangan","","","","Jul 18, 2023","","B: beach (between high tide and slope)","A: above high tide","","","No","CM: Green turtle","","47e21e868bd141ffb04273c8d45f9f77"
"Patrol","9","Jul 17, 2023","4:52:00 PM","97.09136166666667","2.053305","Aug 4, 2023, 3:28:06 PM","Dwi Iqbal Maulana","Sea turtle activity","P: predation","Amandangan","","","","Jul 17, 2023","","T: beneath tree, shrub, forest","A: above high tide","","","Yes","CM: Green turtle","","c535d5c110344a27b2d6e51ebd6b66dc"
"Patrol","8","Jul 17, 2023","4:50:18 PM","97.09123999999998","2.053478333333333","Aug 4, 2023, 3:28:06 PM","Dwi Iqbal Maulana","Sea turtle activity","FC-U: false crawl without nesting attempt","Amandangan","","","","Jul 17, 2023","","G: dune in grass","A: above high tide","","","","CM: Green turtle","","68336be65b214953a2add16d6df0e670"
"Patrol","7","Jul 17, 2023","4:45:28 PM","97.09033166666669","2.055625","Aug 4, 2023, 3:28:06 PM","Dwi Iqbal Maulana","Sea turtle activity","IS: successful nesting","Amandangan","","","","Jul 17, 2023","","G: dune in grass","A: above high tide","","","","CM: Green turtle","","b053053cd9e04df89bc935739f0e959c"
"Patrol","6","Jul 17, 2023","4:44:00 PM","97.09015666666667","2.055693333333333","Aug 4, 2023, 3:28:06 PM","Dwi Iqbal Maulana","Sea turtle activity","IS: successful nesting","Amandangan","","","","Jul 17, 2023","","G: dune in grass","A: above high tide","","","","CM: Green turtle","","3ee38474594c4a828511a22affbe54f4"
"Patrol","5","Jul 17, 2023","4:25:24 PM","97.08989333333332","2.056105","Aug 4, 2023, 3:28:06 PM","Dwi Iqbal Maulana","Sea turtle activity","H: hatching (both direct encounter and visible tracks)","Amandangan","","","","Jul 17, 2023","","T: beneath tree, shrub, forest","A: above high tide","","","","CM: Green turtle","","6c122766ee6542c1847a6d658f1ec912"
"Patrol","4","Jul 17, 2023","4:18:01 PM","97.08841166666667","2.0576466666666664","Aug 4, 2023, 3:28:06 PM","Dwi Iqbal Maulana","Sea turtle activity","IS: successful nesting","Amandangan","","","","Jul 17, 2023","","T: beneath tree, shrub, forest","A: above high tide","","","","CM: Green turtle","","f731e38cb0df42738f65e6f1e114f0ab"
"Patrol","3","Jul 17, 2023","4:12:35 PM","97.08723833333333","2.0595066666666666","Aug 4, 2023, 3:28:06 PM","Dwi Iqbal Maulana","Sea turtle activity","IS: successful nesting","Amandangan","","","","Jul 17, 2023","","S: front slope of dune in sand","A: above high tide","","","","CM: Green turtle","","35b0a439a65942dd8d72147efb2ba0fd"
"Patrol","2","Jul 17, 2023","4:06:17 PM","97.08507","2.061115","Aug 4, 2023, 3:28:06 PM","Dwi Iqbal Maulana","Sea turtle activity","FC-U: false crawl without nesting attempt","Amandangan","","","","Jul 17, 2023","","T: beneath tree, shrub, forest","A: above high tide","","","","CM: Green turtle","","5ccb272f8f7c4ac5aa02b0ae6a030232"
"Patrol","14","Jul 16, 2023","8:45:26 AM","97.09129499999999","2.0527033333333335","Aug 4, 2023, 3:27:49 PM","Dwi Iqbal Maulana","Sea turtle activity","FC-U: false crawl without nesting attempt","Amandangan","","","","Jul 16, 2023","","","","","","","CM: Green turtle","","1d071e3871b8482bafea14a170b7c80e"
"Patrol","13","Jul 16, 2023","8:41:36 AM","97.09111999999999","2.054088333333333","Aug 4, 2023, 3:27:49 PM","Dwi Iqbal Maulana","Sea turtle activity","FC-A: false crawl with nesting attempt","Amandangan","","","","Jul 16, 2023","","T: beneath tree, shrub, forest","A: above high tide","","","","CM: Green turtle","","b1dbad4ac6a34d51947152c73d12838c"
"Patrol","12","Jul 16, 2023","8:37:41 AM","97.09047833333334","2.055286666666667","Aug 4, 2023, 3:27:49 PM","Dwi Iqbal Maulana","Sea turtle activity","IS: successful nesting","Amandangan","","","","Jul 16, 2023","","D: dune sand (area on top of dune)","A: above high tide","","","","CM: Green turtle","","a4815fd8d8b24c759ceb0b9cb80268b9"
"Patrol","11","Jul 16, 2023","8:35:24 AM","97.09045499999999","2.0554283333333334","Aug 4, 2023, 3:27:49 PM","Dwi Iqbal Maulana","Sea turtle activity","IS: successful nesting","Amandangan","","","","Jul 16, 2023","","D: dune sand (area on top of dune)","A: above high tide","","","","CM: Green turtle","","d0b9ba24a37b46c0929f8d9ce6c5557f"
"Patrol","10","Jul 16, 2023","8:33:16 AM","97.09013000000002","2.05562","Aug 4, 2023, 3:27:49 PM","Dwi Iqbal Maulana","Sea turtle activity","FC-U: false crawl without nesting attempt","Amandangan","","","","Jul 16, 2023","","","","","","","CM: Green turtle","","6e3c20fb5770457d87c4e2993b7cc0ea"
"Patrol","9","Jul 16, 2023","8:31:31 AM","97.08976666666668","2.056156666666667","Aug 4, 2023, 3:27:49 PM","Dwi Iqbal Maulana","Sea turtle activity","IS: successful nesting","Amandangan","","","","Jul 16, 2023","","D: dune sand (area on top of dune)","BE: between low and high tide","DA: Damage","Tidak ada kaki bagian kanan, luka lama.","","CM: Green turtle","","e86e0c54f55d474182ea4a1c823437ab"
"Patrol","8","Jul 16, 2023","8:23:19 AM","97.08952","2.0564766666666667","Aug 4, 2023, 3:27:49 PM","Dwi Iqbal Maulana","Sea turtle activity","IS: successful nesting","Amandangan","","","","Jul 16, 2023","","G: dune in grass","A: above high tide","","","","CM: Green turtle","","35aecb244db74358b02076a4a0999a36"
"Patrol","7","Jul 16, 2023","8:20:58 AM","97.088875","2.057106666666667","Aug 4, 2023, 3:27:49 PM","Dwi Iqbal Maulana","Sea turtle activity","IS: successful nesting","Amandangan","","","","Jul 16, 2023","","G: dune in grass","A: above high tide","","","","CM: Green turtle","","111a291499d046988ac484207940936c"
"Patrol","6","Jul 16, 2023","8:17:14 AM","97.08816166666665","2.0579633333333334","Aug 4, 2023, 3:27:49 PM","Dwi Iqbal Maulana","Sea turtle activity","FC-A: false crawl with nesting attempt","Amandangan","","","","Jul 16, 2023","","D: dune sand (area on top of dune)","A: above high tide","","","","CM: Green turtle","","1953c895334b49f8a719a51ebd0838be"
"Patrol","5","Jul 16, 2023","8:15:04 AM","97.08795","2.058228333333333","Aug 4, 2023, 3:27:49 PM","Dwi Iqbal Maulana","Sea turtle activity","IS: successful nesting","Amandangan","","","","Jul 16, 2023","","T: beneath tree, shrub, forest","A: above high tide","","","","CM: Green turtle","","7e128085958c4e6da2e1d1e791b5ad9f"
"Patrol","4","Jul 16, 2023","8:12:59 AM","97.08775333333332","2.058491666666667","Aug 4, 2023, 3:27:49 PM","Dwi Iqbal Maulana","Sea turtle activity","IS: successful nesting","Amandangan","","","","Jul 16, 2023","","T: beneath tree, shrub, forest","BE: between low and high tide","","","","CM: Green turtle","","fc12db46e9f8495ab2f6fba2453de946"
"Patrol","3","Jul 16, 2023","8:10:18 AM","97.08753499999999","2.058935","Aug 4, 2023, 3:27:49 PM","Dwi Iqbal Maulana","Sea turtle activity","IS: successful nesting","Amandangan","","","","Jul 16, 2023","","G: dune in grass","A: above high tide","","","","CM: Green turtle","","cefbb2935eb242c39ed12bb89ecdd54f"
"Patrol","2","Jul 16, 2023","8:05:37 AM","97.08713666666667","2.0597116666666664","Aug 4, 2023, 3:27:49 PM","Dwi Iqbal Maulana","Sea turtle activity","IS: successful nesting","Amandangan","","","","Jul 16, 2023","","D: dune sand (area on top of dune)","BE: between low and high tide","","","","CM: Green turtle","","8788f32ed8f942989bcdd0b5f98326c1"
"Patrol","16","Jul 15, 2023","7:42:13 AM","97.09134833333334","2.0530649999999997","Jul 17, 2023, 3:54:38 PM","Dwi Iqbal Maulana","Sea turtle activity","H: hatching (both direct encounter and visible tracks)","Amandangan","4.5","4.0","","Jul 15, 2023","69.0","D: dune sand (area on top of dune)","A: above high tide","","","","CM: Green turtle","18.0","59a9c47ce018489d8c2c9e841d1c552d"
"Patrol","15","Jul 15, 2023","7:28:53 AM","97.09099333333333","2.0542733333333336","Jul 17, 2023, 3:54:38 PM","Dwi Iqbal Maulana","Sea turtle activity","FC-A: false crawl with nesting attempt","Amandangan","","","","Jul 15, 2023","","B: beach (between high tide and slope)","A: above high tide","","","","CM: Green turtle","","ae1a1dfb51384dddbd9375ec1b58ccf4"
"Patrol","14","Jul 15, 2023","7:25:12 AM","97.09057166666668","2.0552","Jul 17, 2023, 3:54:37 PM","Dwi Iqbal Maulana","Sea turtle activity","IS: successful nesting","Amandangan","","","","Jul 15, 2023","","T: beneath tree, shrub, forest","A: above high tide","","","","CM: Green turtle","","5186e7c569f54d2bbab5e960b53b11b9"
"Patrol","13","Jul 15, 2023","7:20:47 AM","97.08896666666666","2.0569316666666664","Jul 17, 2023, 3:54:37 PM","Dwi Iqbal Maulana","Sea turtle activity","FC-U: false crawl without nesting attempt","Amandangan","","","","Jul 15, 2023","","","","","","","CM: Green turtle","","4b9bf0f5144a4fad9b3f875da25f10a7"
"Patrol","12","Jul 15, 2023","7:20:08 AM","97.08888499999999","2.0569983333333335","Jul 17, 2023, 3:54:37 PM","Dwi Iqbal Maulana","Sea turtle activity","FC-A: false crawl with nesting attempt","Amandangan","","","","Jul 15, 2023","","B: beach (between high tide and slope)","A: above high tide","","","","CM: Green turtle","","1fcdf45a59144379b200349051750061"
"Patrol","11","Jul 15, 2023","7:18:31 AM","97.08844833333333","2.0575233333333336","Jul 17, 2023, 3:54:37 PM","Dwi Iqbal Maulana","Sea turtle activity","IS: successful nesting","Amandangan","","","","Jul 15, 2023","","D: dune sand (area on top of dune)","A: above high tide","","","","CM: Green turtle","","3d974016965e4704920af5b5a7812552"
"Patrol","10","Jul 15, 2023","7:16:27 AM","97.08794000000002","2.058185","Jul 17, 2023, 3:54:37 PM","Dwi Iqbal Maulana","Sea turtle activity","FC-U: false crawl without nesting attempt","Amandangan","","","","Jul 15, 2023","","","","","","","CM: Green turtle","","110af18748dd4a278175a640e5aac999"
"Patrol","9","Jul 15, 2023","7:15:10 AM","97.08766666666666","2.058543333333333","Jul 17, 2023, 3:54:37 PM","Dwi Iqbal Maulana","Sea turtle activity","FC-U: false crawl without nesting attempt","Amandangan","","","","Jul 15, 2023","","","","","","","CM: Green turtle","","73ebdb1f4fa743fda03317f55c575f5c"
"Patrol","8","Jul 15, 2023","7:14:26 AM","97.08760499999998","2.05879","Jul 17, 2023, 3:54:37 PM","Dwi Iqbal Maulana","Sea turtle activity","IS: successful nesting","Amandangan","","","","Jul 15, 2023","","T: beneath tree, shrub, forest","A: above high tide","","","","CM: Green turtle","","6215c63c1fb44f199aba11b2f8b2180f"
"Patrol","7","Jul 15, 2023","7:11:32 AM","97.08734833333334","2.0591416666666666","Jul 17, 2023, 3:54:37 PM","Dwi Iqbal Maulana","Sea turtle activity","IS: successful nesting","Amandangan","","","","Jul 15, 2023","","S: front slope of dune in sand","A: above high tide","","","","CM: Green turtle","","2f07ccc8b54a468283896e7d710bc989"
"Patrol","6","Jul 15, 2023","7:11:01 AM","97.08733166666667","2.059188333333333","Jul 17, 2023, 3:54:37 PM","Dwi Iqbal Maulana","Sea turtle activity","FC-A: false crawl with nesting attempt","Amandangan","","","","Jul 15, 2023","","T: beneath tree, shrub, forest","A: above high tide","","","","CM: Green turtle","","e396ff90ea1944a29fd494cc562d80e2"
"Patrol","5","Jul 15, 2023","7:09:31 AM","97.08717333333334","2.059495","Jul 17, 2023, 3:54:37 PM","Dwi Iqbal Maulana","Sea turtle activity","IS: successful nesting","Amandangan","","","","Jul 15, 2023","","B: beach (between high tide and slope)","A: above high tide","","","","CM: Green turtle","","56b0d3b818934e518a31917f0e9f0bef"
"Patrol","4","Jul 15, 2023","7:09:05 AM","97.08722833333334","2.059525","Jul 17, 2023, 3:54:37 PM","Dwi Iqbal Maulana","Sea turtle activity","IS: successful nesting","Amandangan","","","","Jul 15, 2023","","B: beach (between high tide and slope)","A: above high tide","","","","CM: Green turtle","","b659b31a337b4067a095f6efbe073a88"
"Patrol","3","Jul 15, 2023","7:07:02 AM","97.08714666666668","2.0596249999999996","Jul 17, 2023, 3:54:37 PM","Dwi Iqbal Maulana","Sea turtle activity","IS: successful nesting","Amandangan","","","","Jul 15, 2023","","B: beach (between high tide and slope)","A: above high tide","","","","CM: Green turtle","","481dbac987a04a8bb9a464c513a5e114"
"Patrol","2","Jul 15, 2023","7:03:59 AM","97.08600666666668","2.0605683333333333","Jul 17, 2023, 3:54:36 PM","Dwi Iqbal Maulana","Sea turtle activity","FC-U: false crawl without nesting attempt","Amandangan","","","","Jul 15, 2023","","","","","","","CM: Green turtle","","1d172417e25d40e999de77565a6bda3d"
