"Source","Waypoint ID","Waypoint Date","Waypoint Time","X","Y","Last Modified","Last Modified By","Observation Category 0","Activity type","Beach name","Bird species","CCL: curved carapace length","CCW: curved carapace width","Comments","D: the total number of dead hatchlings found inside the nest","Date","Date","H: the total number of hatched hatchlings","Habitat","Nest location","Nest position","Number of individuals","Physical abnormality","Physical abnormality - comments","Place","Predation","Turtle species","Type of activity","U: the total number of unhatched eggs in the nest","Observation Group"
"Patrol","3","Apr 19, 2023","9:30:25 PM","97.089815","2.056235","Jul 4, 2023, 9:23:08 AM","Dwi Iqbal Maulana","Sea turtle activity","IS: successful nesting","Amandangan","","","","","","Apr 19, 2023","","","","B: beach (between high tide and slope)","A: above high tide","","","","","","CM: Green turtle","","","fbe6bf5d2e464736a2a8ec77a0d86c59"
"Patrol","2","Apr 19, 2023","9:19:03 PM","97.087295","2.0593","Jul 4, 2023, 9:23:08 AM","Dwi Iqbal Maulana","Sea turtle activity","IS: successful nesting","Amandangan","","95.0","89.0","","","Apr 19, 2023","","","","B: beach (between high tide and slope)","A: above high tide","","","","","","CM: Green turtle","","","490d4ad5c96d4f07a49355ceccf07a78"
"Patrol","16","Apr 19, 2023","7:36:38 AM","97.09125666666665","2.053726666666667","Jul 4, 2023, 9:23:05 AM","Dwi Iqbal Maulana","Sea turtle activity","IS: successful nesting","Amandangan","","","","","","Apr 19, 2023","","","","T: beneath tree, shrub, forest","A: above high tide","","","","","","CM: Green turtle","","","e0421e5e643a4e55aa1096bb36933e90"
"Patrol","15","Apr 19, 2023","7:32:07 AM","97.08996166666665","2.055558333333333","Jul 4, 2023, 9:23:05 AM","Dwi Iqbal Maulana","Sea turtle activity","FC-U: false crawl without nesting attempt","Amandangan","","","","","","Apr 19, 2023","","","","","","","","","","","CM: Green turtle","","","efbe19c9945845fca82f16102f1da782"
"Patrol","14","Apr 19, 2023","7:30:22 AM","97.08974333333332","2.056156666666667","Jul 4, 2023, 9:23:05 AM","Dwi Iqbal Maulana","Sea turtle activity","H: hatching (both direct encounter and visible tracks)","Amandangan","","","","","","Apr 19, 2023","","112.0","","B: beach (between high tide and slope)","A: above high tide","","","","","","CM: Green turtle","","8.0","62418220aafa4658bc84863d8b0ec7f0"
"Patrol","13","Apr 19, 2023","7:21:02 AM","97.08948000000001","2.0564833333333334","Jul 4, 2023, 9:23:05 AM","Dwi Iqbal Maulana","Sea turtle activity","H: hatching (both direct encounter and visible tracks)","Amandangan","","","","","","Apr 19, 2023","","78.0","","B: beach (between high tide and slope)","A: above high tide","","","","","","CM: Green turtle","","40.0","7b95b216700044a2bcff224039c91b2f"
"Patrol","12","Apr 19, 2023","7:09:11 AM","97.08927833333334","2.0566316666666666","Jul 4, 2023, 9:23:05 AM","Dwi Iqbal Maulana","Sea turtle activity","FC-A: false crawl with nesting attempt","Amandangan","","","","","","Apr 19, 2023","","","","B: beach (between high tide and slope)","A: above high tide","","","","","","CM: Green turtle","","","24991b54c2034cfaa864c42ec29b1243"
"Patrol","11","Apr 19, 2023","7:07:53 AM","97.08902000000002","2.0569183333333334","Jul 4, 2023, 9:23:05 AM","Dwi Iqbal Maulana","Sea turtle activity","FC-A: false crawl with nesting attempt","Amandangan","","","","","","Apr 19, 2023","","","","T: beneath tree, shrub, forest","A: above high tide","","","","","","CM: Green turtle","","","40595c00078545db845d9391f3c55692"
"Patrol","10","Apr 19, 2023","7:05:55 AM","97.08877","2.05719","Jul 4, 2023, 9:23:05 AM","Dwi Iqbal Maulana","Sea turtle activity","H: hatching (both direct encounter and visible tracks)","Amandangan","","","","","","Apr 19, 2023","","116.0","","B: beach (between high tide and slope)","A: above high tide","","","","","","CM: Green turtle","","18.0","3e8f623ecf95439e89537c220f0002e5"
"Patrol","9","Apr 19, 2023","6:55:34 AM","97.08776000000002","2.058466666666667","Jul 4, 2023, 9:23:05 AM","Dwi Iqbal Maulana","Sea turtle activity","FC-A: false crawl with nesting attempt","Amandangan","","","","","","Apr 19, 2023","","","","T: beneath tree, shrub, forest","A: above high tide","","","","","","CM: Green turtle","","","1127dea45398469cab78e2baed976d37"
"Patrol","8","Apr 19, 2023","6:54:45 AM","97.08772333333333","2.058505","Jul 4, 2023, 9:23:05 AM","Dwi Iqbal Maulana","Sea turtle activity","IS: successful nesting","Amandangan","","","","","","Apr 19, 2023","","","","B: beach (between high tide and slope)","A: above high tide","","","","","","CM: Green turtle","","","5e90b13fa8c7474aacd00f3fd36b41ff"
"Patrol","7","Apr 19, 2023","6:51:59 AM","97.08737333333332","2.0592233333333336","Jul 4, 2023, 9:23:05 AM","Dwi Iqbal Maulana","Sea turtle activity","FC-U: false crawl without nesting attempt","Amandangan","","","","","","Apr 19, 2023","","","","","","","","","","","CM: Green turtle","","","8127b22043d14656b86545199c74e5fe"
"Patrol","6","Apr 19, 2023","6:50:41 AM","97.08739833333333","2.0593399999999997","Jul 4, 2023, 9:23:05 AM","Dwi Iqbal Maulana","Sea turtle activity","H: hatching (both direct encounter and visible tracks)","Amandangan","","","","","","Apr 19, 2023","","51.0","","T: beneath tree, shrub, forest","A: above high tide","","","","","","CM: Green turtle","","45.0","4f9b600da89e4dcd9cdb9d022c6b49a5"
"Patrol","5","Apr 19, 2023","6:42:36 AM","97.087255","2.059636666666667","Jul 4, 2023, 9:23:05 AM","Dwi Iqbal Maulana","Sea turtle activity","IS: successful nesting","Amandangan","","","","","","Apr 19, 2023","","","","B: beach (between high tide and slope)","A: above high tide","","","","","","CM: Green turtle","","","470eadbe231742ad8cca0bc6e1038872"
"Patrol","4","Apr 19, 2023","6:39:07 AM","97.08649500000001","2.060153333333333","Jul 4, 2023, 9:23:05 AM","Dwi Iqbal Maulana","Sea turtle activity","IS: successful nesting","Amandangan","","","","","","Apr 19, 2023","","","","T: beneath tree, shrub, forest","A: above high tide","","","","","","CM: Green turtle","","","1f18f74b27374242bf749030caeed6ea"
"Patrol","3","Apr 19, 2023","6:37:57 AM","97.08639666666667","2.060258333333333","Jul 4, 2023, 9:23:05 AM","Dwi Iqbal Maulana","Sea turtle activity","IS: successful nesting","Amandangan","","","","","","Apr 19, 2023","","","","T: beneath tree, shrub, forest","A: above high tide","","","","","","CM: Green turtle","","","658db7f21eb24e42a09e5ce04d8a66f0"
"Patrol","2","Apr 19, 2023","6:36:43 AM","97.08626833333334","2.0603583333333333","Jul 4, 2023, 9:23:05 AM","Dwi Iqbal Maulana","Sea turtle activity","FC-U: false crawl without nesting attempt","Amandangan","","","","","","Apr 19, 2023","","","","","","","","","","","CM: Green turtle","","","5762d94c5fa34edfa44bee2b90c31190"
"Patrol","4","Apr 18, 2023","9:47:01 PM","97.08862666666667","2.0574133333333333","Jul 4, 2023, 9:22:46 AM","Dwi Iqbal Maulana","Sea turtle activity","IS: successful nesting","Amandangan","","96.0","85.0","","","Apr 18, 2023","","","","T: beneath tree, shrub, forest","A: above high tide","","","","","","CM: Green turtle","","","97f8530c0f284d57b627d214bb3932d0"
"Patrol","3","Apr 18, 2023","9:40:29 PM","97.08773833333335","2.0585766666666667","Jul 4, 2023, 9:22:46 AM","Dwi Iqbal Maulana","Sea turtle activity","IS: successful nesting","Amandangan","","","","","","Apr 18, 2023","","","","T: beneath tree, shrub, forest","A: above high tide","","","","","","CM: Green turtle","","","b33db6d932b14e0dbb9700502ce6da1d"
"Patrol","2","Apr 18, 2023","9:37:19 PM","97.08744666666668","2.05909","Jul 4, 2023, 9:22:46 AM","Dwi Iqbal Maulana","Sea turtle activity","IS: successful nesting","Amandangan","","","","","","Apr 18, 2023","","","","T: beneath tree, shrub, forest","A: above high tide","","","","","","CM: Green turtle","","","a9b89df3a6b64b9bb7bd93e6f012c5ee"
"Patrol","11","Apr 17, 2023","11:26:51 PM","97.08799666666667","2.0581533333333337","Jul 4, 2023, 9:35:37 AM","Dwi Iqbal Maulana","Sea turtle activity","IS: successful nesting","Amandangan","","113.0","108.0","","","Apr 17, 2023","","","","D: dune sand (area on top of dune)","A: above high tide","","","","","","CM: Green turtle","","","8507c2bfac8b4320844860dbf068bc51"
"Patrol","10","Apr 17, 2023","6:28:44 PM","97.08999666666665","2.0559133333333337","Jul 4, 2023, 9:35:37 AM","Dwi Iqbal Maulana","Sea turtle activity","FC-U: false crawl without nesting attempt","Amandangan","","","","","","Apr 17, 2023","","","","D: dune sand (area on top of dune)","A: above high tide","","","","","","CM: Green turtle","","","af07aef99b324695964ca5971708a6cd"
"Patrol","9","Apr 17, 2023","6:26:47 PM","97.089775","2.056251666666667","Jul 4, 2023, 9:35:37 AM","Dwi Iqbal Maulana","Sea turtle activity","IS: successful nesting","Amandangan","","","","","","Apr 17, 2023","","","","D: dune sand (area on top of dune)","A: above high tide","","","","","","CM: Green turtle","","","2717fad790bb4f31a27cfbc690d61a6c"
"Patrol","8","Apr 17, 2023","6:21:05 PM","97.08800166666667","2.0582383333333336","Jul 4, 2023, 9:35:37 AM","Dwi Iqbal Maulana","Sea turtle activity","IS: successful nesting","Amandangan","","","","","","Apr 17, 2023","","","","D: dune sand (area on top of dune)","A: above high tide","","","","","","CM: Green turtle","","","3e268a64c024418fb123628fc19db885"
"Patrol","7","Apr 17, 2023","6:18:41 PM","97.08793333333332","2.058275","Jul 4, 2023, 9:35:37 AM","Dwi Iqbal Maulana","Sea turtle activity","H: hatching (both direct encounter and visible tracks)","Amandangan","","4.5","3.0","","","Apr 17, 2023","","53.0","","D: dune sand (area on top of dune)","A: above high tide","","","","","","CM: Green turtle","","33.0","3fff5a1d31964012824041eeeb62ff7b"
"Patrol","6","Apr 17, 2023","6:08:44 PM","97.08753166666665","2.059005","Jul 4, 2023, 9:35:37 AM","Dwi Iqbal Maulana","Sea turtle activity","H: hatching (both direct encounter and visible tracks)","Amandangan","","","","","","Apr 17, 2023","","81.0","","T: beneath tree, shrub, forest","A: above high tide","","","","","","CM: Green turtle","","11.0","a518baa379c14f72b1bd6c4dec16659b"
"Patrol","5","Apr 17, 2023","5:58:57 PM","97.086445","2.060286666666667","Jul 4, 2023, 9:35:37 AM","Dwi Iqbal Maulana","Sea turtle activity","IS: successful nesting","Amandangan","","","","","","Apr 17, 2023","","","","D: dune sand (area on top of dune)","A: above high tide","","","","","","CM: Green turtle","","","787dceb64450459088553b211475ca92"
"Patrol","4","Apr 17, 2023","5:57:42 PM","97.086445","2.060331666666667","Jul 4, 2023, 9:35:37 AM","Dwi Iqbal Maulana","Sea turtle activity","H: hatching (both direct encounter and visible tracks)","Amandangan","","","","","","Apr 17, 2023","","","","T: beneath tree, shrub, forest","A: above high tide","","","Tidak ketemu sarang,, karna banyak akar","","","CM: Green turtle","","","117d57939faa44ab9db15be0fe6b0ee4"
"Patrol","3","Apr 17, 2023","5:50:49 PM","97.08643666666667","2.06042","Jul 4, 2023, 9:35:37 AM","Dwi Iqbal Maulana","Sea turtle activity","IS: successful nesting","Amandangan","","","","","","Apr 17, 2023","","","","T: beneath tree, shrub, forest","A: above high tide","","","","","Yes","CM: Green turtle","","","61d75e2c883c43c3bb44fd3db64227ae"
"Patrol","2","Apr 17, 2023","5:47:13 PM","97.085275","2.0610266666666663","Jul 4, 2023, 9:35:37 AM","Dwi Iqbal Maulana","Sea turtle activity","FC-U: false crawl without nesting attempt","Amandangan","","","","","","Apr 17, 2023","","","","B: beach (between high tide and slope)","A: above high tide","","","","","","CM: Green turtle","","","b9db5f2460bc4a8fba2feb2e4a13871b"
"Patrol","4","Apr 16, 2023","4:14:12 PM","97.08814499999998","2.0579566666666667","Jul 4, 2023, 9:35:14 AM","Dwi Iqbal Maulana","Sea turtle activity","FC-U: false crawl without nesting attempt","Amandangan","","","","","","Apr 16, 2023","","","","","","","","","","","CM: Green turtle","","","aa8afa99ec494c3a81491fc15ce432b2"
"Patrol","3","Apr 16, 2023","4:07:57 PM","97.08733666666667","2.0595733333333333","Jul 4, 2023, 9:35:14 AM","Dwi Iqbal Maulana","Sea turtle activity","IS: successful nesting","Amandangan","","","","","","Apr 16, 2023","","","","D: dune sand (area on top of dune)","A: above high tide","","","","","","CM: Green turtle","","","81936db46c8843eeadf89a45117084e7"
"Patrol","2","Apr 16, 2023","4:00:15 PM","97.08573666666668","2.060775","Jul 4, 2023, 9:35:14 AM","Dwi Iqbal Maulana","Sea turtle activity","FC-U: false crawl without nesting attempt","Amandangan","","","","","","Apr 16, 2023","","","","","","","","","","","CM: Green turtle","","","08e66bab6f494715aa6ac15f0c4cc932"
"Patrol","4","Apr 15, 2023","4:56:49 PM","97.091325","2.0533466666666667","Jul 4, 2023, 9:35:08 AM","Dwi Iqbal Maulana","Sea turtle activity","IS: successful nesting","Amandangan","","","","","","Apr 15, 2023","","","","D: dune sand (area on top of dune)","A: above high tide","","","","","Yes","CM: Green turtle","","","1b77d9058d7b4b48b9e6a7ebeb2949a1"
"Patrol","3","Apr 15, 2023","4:52:41 PM","97.09086333333335","2.0547216666666666","Jul 4, 2023, 9:35:08 AM","Dwi Iqbal Maulana","Sea turtle activity","IS: successful nesting","Amandangan","","","","","","Apr 15, 2023","","","","T: beneath tree, shrub, forest","A: above high tide","","","","","","CM: Green turtle","","","7fd1028bcb7247d298ac913a12e12408"
"Patrol","2","Apr 15, 2023","4:42:43 PM","97.087705","2.058603333333333","Jul 4, 2023, 9:35:08 AM","Dwi Iqbal Maulana","Sea turtle activity","FC-U: false crawl without nesting attempt","Amandangan","","","","","","Apr 15, 2023","","","","D: dune sand (area on top of dune)","A: above high tide","","","Tidak pergi patroli pagi,, karena cuaca hujan sangat deras dan angin kencang","","","CM: Green turtle","","","cbc372681f8544dcb4b9390d3febe620"
"Patrol","4","Apr 14, 2023","8:14:38 AM","97.09080999999999","2.0545850000000003","Jul 4, 2023, 9:35:02 AM","Dwi Iqbal Maulana","Sea turtle activity","H: hatching (both direct encounter and visible tracks)","Amandangan","","","","","","Apr 14, 2023","","","","D: dune sand (area on top of dune)","A: above high tide","","","","","","CM: Green turtle","","","b082812d126f4238b1f2dcc6cad5bffe"
"Patrol","3","Apr 14, 2023","8:02:31 AM","97.08809500000001","2.0580516666666666","Jul 4, 2023, 9:35:02 AM","Dwi Iqbal Maulana","Sea turtle activity","IS: successful nesting","Amandangan","","","","","","Apr 14, 2023","","","","T: beneath tree, shrub, forest","A: above high tide","","","","","","CM: Green turtle","","","23995ba73ad84c448452035f4a4ed655"
"Patrol","2","Apr 14, 2023","7:57:00 AM","97.08686833333334","2.0596783333333333","Jul 4, 2023, 9:35:02 AM","Dwi Iqbal Maulana","Sea turtle activity","FC-U: false crawl without nesting attempt","Amandangan","","","","","","Apr 14, 2023","","","","B: beach (between high tide and slope)","BL: below tidal line","","","","","","CM: Green turtle","","","9f88f39609254587b86f8476a7484166"
"Patrol","4","Apr 14, 2023","1:24:26 AM","97.08803666666667","2.0581383333333334","Jul 4, 2023, 9:34:55 AM","Dwi Iqbal Maulana","Sea turtle activity","IS: successful nesting","Amandangan","","99.0","87.0","","","Apr 14, 2023","","","","D: dune sand (area on top of dune)","A: above high tide","","","","","","CM: Green turtle","","","2b27fcf76e6449fa93c1e881fee749c0"
"Patrol","3","Apr 13, 2023","10:20:07 PM","97.08924333333334","2.056675","Jul 4, 2023, 9:34:55 AM","Dwi Iqbal Maulana","Sea turtle activity","IS: successful nesting","Amandangan","","102.0","92.0","","","Apr 13, 2023","","","","T: beneath tree, shrub, forest","A: above high tide","","","","","","CM: Green turtle","","","368c1e6dfec843198bfe6fd3ede0dd88"
"Patrol","2","Apr 13, 2023","10:11:01 PM","97.08784833333333","2.0583683333333336","Jul 4, 2023, 9:34:55 AM","Dwi Iqbal Maulana","Sea turtle activity","IS: successful nesting","Amandangan","","97.0","98.0","","","Apr 13, 2023","","","","S: front slope of dune in sand","A: above high tide","","","","","","CM: Green turtle","","","a5fcc58e346e48f7a183cdb515477af1"
"Patrol","4","Apr 13, 2023","8:20:32 AM","97.09136666666667","2.0528516666666667","Jul 4, 2023, 9:34:52 AM","Dwi Iqbal Maulana","Sea turtle activity","P: predation","Amandangan","","","","","","Apr 13, 2023","","","","S: front slope of dune in sand","A: above high tide","","","","","Yes","CM: Green turtle","","","925efa280ea2466faaf1026731141dac"
"Patrol","3","Apr 13, 2023","8:17:16 AM","97.09126833333333","2.0537366666666665","Jul 4, 2023, 9:34:52 AM","Dwi Iqbal Maulana","Sea turtle activity","IS: successful nesting","Amandangan","","","","","","Apr 13, 2023","","","","S: front slope of dune in sand","A: above high tide","","","","","","CM: Green turtle","","","28771a82e01f47a7bd0ad59e2e245fda"
"Patrol","2","Apr 13, 2023","8:02:45 AM","97.08789166666665","2.0582866666666666","Jul 4, 2023, 9:34:52 AM","Dwi Iqbal Maulana","Sea turtle activity","H: hatching (both direct encounter and visible tracks)","Amandangan","","","","","2.0","Apr 13, 2023","","109.0","","G: dune in grass","A: above high tide","","","","","","CM: Green turtle","","8.0","af78967fa2c242839019b1a9857de850"
"Patrol","3","Apr 12, 2023","10:42:39 PM","97.08939333333335","2.0565933333333333","Jul 4, 2023, 9:31:27 AM","Dwi Iqbal Maulana","Sea turtle activity","IS: successful nesting","Amandangan","","103.0","92.0","","","Apr 12, 2023","","","","G: dune in grass","A: above high tide","","","","","","CM: Green turtle","","","bef772774eff499e9e718107d43b57a3"
"Patrol","2","Apr 12, 2023","10:32:21 PM","97.08841833333332","2.057585","Jul 4, 2023, 9:31:27 AM","Dwi Iqbal Maulana","Sea turtle activity","IS: successful nesting","Amandangan","","103.0","93.0","","","Apr 12, 2023","","","","D: dune sand (area on top of dune)","A: above high tide","","","","","","CM: Green turtle","","","0d7be0b48b7c4453a3eb71acf2b498b1"
"Patrol","8","Apr 12, 2023","12:11:51 PM","97.09134833333334","2.0529083333333333","Jul 4, 2023, 9:31:24 AM","Dwi Iqbal Maulana","Sea turtle activity","P: predation","Amandangan","","","","","","Apr 12, 2023","","","","D: dune sand (area on top of dune)","A: above high tide","","","","","Yes","CM: Green turtle","","","52a7f4f91d75485db49cd71382aea0df"
"Patrol","7","Apr 12, 2023","12:06:35 PM","97.09118333333332","2.0540333333333334","Jul 4, 2023, 9:31:24 AM","Dwi Iqbal Maulana","Sea turtle activity","P: predation","Amandangan","","","","","","Apr 12, 2023","","","","G: dune in grass","A: above high tide","","","","","Yes","CM: Green turtle","","","2623f68804384852a04cc969b892ec1c"
"Patrol","6","Apr 12, 2023","12:05:11 PM","97.09115666666666","2.054148333333333","Jul 4, 2023, 9:31:24 AM","Dwi Iqbal Maulana","Sea turtle activity","P: predation","Amandangan","","","","","","Apr 12, 2023","","","","D: dune sand (area on top of dune)","A: above high tide","","","","","Yes","CM: Green turtle","","","9717dea786a74a50bcffccc366d45b8a"
"Patrol","5","Apr 12, 2023","12:03:18 PM","97.09103833333332","2.0543283333333333","Jul 4, 2023, 9:31:24 AM","Dwi Iqbal Maulana","Sea turtle activity","IS: successful nesting","Amandangan","","","","","","Apr 12, 2023","","","","T: beneath tree, shrub, forest","A: above high tide","","","","","","CM: Green turtle","","","870f63a825d6432bafc8fc6d3af86356"
"Patrol","4","Apr 12, 2023","12:01:29 PM","97.09097333333332","2.054511666666667","Jul 4, 2023, 9:31:24 AM","Dwi Iqbal Maulana","Sea turtle activity","IS: successful nesting","Amandangan","","","","","","Apr 12, 2023","","","","T: beneath tree, shrub, forest","A: above high tide","","","","","Yes","CM: Green turtle","","","0e7ad17a1bba421294fb1c34c857091b"
"Patrol","3","Apr 12, 2023","11:57:03 AM","97.09038166666666","2.0555516666666667","Jul 4, 2023, 9:31:24 AM","Dwi Iqbal Maulana","Sea turtle activity","IS: successful nesting","Amandangan","","","","","","Apr 12, 2023","","","","D: dune sand (area on top of dune)","A: above high tide","","","","","","CM: Green turtle","","","cd2f85a5bb5e4a0faf6d3b7c3b220c15"
"Patrol","2","Apr 12, 2023","11:50:48 AM","97.08893166666667","2.057026666666667","Jul 4, 2023, 9:31:24 AM","Dwi Iqbal Maulana","Sea turtle activity","IS: successful nesting","Amandangan","","","","","","Apr 12, 2023","","","","G: dune in grass","A: above high tide","","","","","Yes","CM: Green turtle","","","cb713bf70ed04cf8b65d37de8195773e"
"Patrol","4","Apr 11, 2023","10:59:53 PM","97.09126666666667","2.053705","Jul 4, 2023, 9:31:10 AM","Dwi Iqbal Maulana","Sea turtle activity","IS: successful nesting","Amandangan","","100.0","86.0","","","Apr 11, 2023","","","","T: beneath tree, shrub, forest","A: above high tide","","","","","","CM: Green turtle","","","d89e0bbbf71443bcaf2b3e9e103bdfab"
"Patrol","3","Apr 11, 2023","10:26:02 PM","97.09134833333334","2.052941666666667","Jul 4, 2023, 9:31:10 AM","Dwi Iqbal Maulana","Sea turtle activity","IS: successful nesting","Amandangan","","108.0","88.0","","","Apr 11, 2023","","","","T: beneath tree, shrub, forest","A: above high tide","","P: Parasites","","","","CM: Green turtle","","","807b7259db23422bbfbf0eb7f06ffb14"
"Patrol","2","Apr 11, 2023","10:12:15 PM","97.09022166666666","2.05588","Jul 4, 2023, 9:31:10 AM","Dwi Iqbal Maulana","Sea turtle activity","IS: successful nesting","Amandangan","","108.0","97.0","","","Apr 11, 2023","","","","T: beneath tree, shrub, forest","A: above high tide","","P: Parasites","","","","CM: Green turtle","","","41439f98ce6d4737a54b1baaab1fdf3d"
"Patrol","12","Apr 11, 2023","12:36:19 PM","97.08224166666666","2.0661316666666663","Jul 4, 2023, 9:31:06 AM","Dwi Iqbal Maulana","Sea turtle activity","","","","","","","","Apr 11, 2023","","","","","","","","","","","","","","cc9a7d49a5944ea6b30e8de7fc324b3d"
"Patrol","12","Apr 11, 2023","12:36:19 PM","97.08224166666666","2.0661316666666663","Jul 4, 2023, 9:31:06 AM","Dwi Iqbal Maulana","Sea turtle activity","FC-U: false crawl without nesting attempt","Pantai pelanggaran","","","","","","Feb 1, 2050","","","","","","","","Ini rekaman tidak ada, karena hp tertekan otomatis saat di dalam tas,, Dan hidup otomatis kalau tersentuh di dalam tas,","","","CM: Green turtle","","","cc9a7d49a5944ea6b30e8de7fc324b3d"
"Patrol","11","Apr 11, 2023","10:11:34 AM","97.09129","2.0525","Jul 4, 2023, 9:31:06 AM","Dwi Iqbal Maulana","Sea turtle activity","IS: successful nesting","Amandangan","","","","","","Apr 11, 2023","","","","D: dune sand (area on top of dune)","A: above high tide","","","","","No","CM: Green turtle","","","5b1b63d3a71649af8d8a063b3d133698"
"Patrol","10","Apr 11, 2023","10:08:05 AM","97.09135166666668","2.0532166666666667","Jul 4, 2023, 9:31:06 AM","Dwi Iqbal Maulana","Sea turtle activity","IS: successful nesting","Amandangan","","","","","","Apr 11, 2023","","","","T: beneath tree, shrub, forest","A: above high tide","","","Sarang baru, predasi","","Yes","CM: Green turtle","","","3db10914a66e415097c4e5a221c5073d"
"Patrol","9","Apr 11, 2023","10:04:45 AM","97.09111499999999","2.053965","Jul 4, 2023, 9:31:06 AM","Dwi Iqbal Maulana","Sea turtle activity","H: hatching (both direct encounter and visible tracks)","Amandangan","","","","","","Apr 11, 2023","","69.0","","D: dune sand (area on top of dune)","A: above high tide","","","","","","CM: Green turtle","","47.0","c418f9ef5ab3462eb8016d7033708b27"
"Patrol","8","Apr 11, 2023","9:59:43 AM","97.09113666666666","2.053935","Jul 4, 2023, 9:31:06 AM","Dwi Iqbal Maulana","Sea turtle activity","IS: successful nesting","Amandangan","","","","","","Apr 11, 2023","","","","G: dune in grass","A: above high tide","","","Predasi","","Yes","CM: Green turtle","","","bfcef8b7cb084fbc8c14359ce9961a99"
"Patrol","7","Apr 11, 2023","9:57:51 AM","97.09111833333333","2.0540716666666667","Jul 4, 2023, 9:31:06 AM","Dwi Iqbal Maulana","Sea turtle activity","IS: successful nesting","Amandangan","","","","","","Apr 11, 2023","","","","G: dune in grass","A: above high tide","","","","","","CM: Green turtle","","","4efc18447b1f45e69ce1b284aa57ee30"
"Patrol","6","Apr 11, 2023","9:55:44 AM","97.090945","2.0544116666666667","Jul 4, 2023, 9:31:06 AM","Dwi Iqbal Maulana","Sea turtle activity","FC-U: false crawl without nesting attempt","Amandangan","","","","","","Apr 11, 2023","","","","G: dune in grass","A: above high tide","","","","","","CM: Green turtle","","","94c2b62d961548848d42ab642a15f0c3"
"Patrol","5","Apr 11, 2023","9:51:23 AM","97.09044333333334","2.055286666666667","Jul 4, 2023, 9:31:06 AM","Dwi Iqbal Maulana","Sea turtle activity","FC-A: false crawl with nesting attempt","Amandangan","","","","","","Apr 11, 2023","","","","T: beneath tree, shrub, forest","A: above high tide","","","","","","CM: Green turtle","","","358a425aaf2542e38076dff2898f4219"
"Patrol","4","Apr 11, 2023","9:46:27 AM","97.08937499999999","2.0565083333333334","Jul 4, 2023, 9:31:06 AM","Dwi Iqbal Maulana","Sea turtle activity","P: predation","Amandangan","","","","","","Apr 11, 2023","","","","T: beneath tree, shrub, forest","A: above high tide","","","Predasi, di gali/makan biawak","","Yes","CM: Green turtle","","","ec2bb0746d314ca9a81695f05825ad0d"
"Patrol","3","Apr 11, 2023","9:41:33 AM","97.08845666666666","2.057435","Jul 4, 2023, 9:31:06 AM","Dwi Iqbal Maulana","Sea turtle activity","FC-U: false crawl without nesting attempt","Amandangan","","","","","","Apr 11, 2023","","","","S: front slope of dune in sand","A: above high tide","","","","","","CM: Green turtle","","","472c7e69a37c42e6828ddaea6079fc26"
"Patrol","2","Apr 11, 2023","9:37:33 AM","97.08768666666668","2.0586366666666667","Jul 4, 2023, 9:31:06 AM","Dwi Iqbal Maulana","Sea turtle activity","NS: nesting but not possible to confirm","Amandangan","","","","","","Apr 11, 2023","","","","T: beneath tree, shrub, forest","A: above high tide","","","","","","CM: Green turtle","","","b0cc43e5e6034a60bbdab53bb629fa86"
"Patrol","5","Apr 10, 2023","10:15:00 PM","97.09094666666667","2.054555","Jul 4, 2023, 9:30:42 AM","Dwi Iqbal Maulana","Sea turtle activity","IS: successful nesting","Amandangan","","107.0","100.0","","","Apr 10, 2023","","","","T: beneath tree, shrub, forest","A: above high tide","","P: Parasites","","","No","CM: Green turtle","","","9b2eadad434a4ebfaf86c21016f21ae3"
"Patrol","4","Apr 10, 2023","10:11:37 PM","97.09094166666667","2.054508333333333","Jul 4, 2023, 9:30:42 AM","Dwi Iqbal Maulana","Sea turtle activity","IS: successful nesting","Amandangan","","","","","","Apr 10, 2023","","","","G: dune in grass","A: above high tide","","","Tidak melakukan pengukuran karena penyu dijumpai dalam posisi kembali ke laut","","","CM: Green turtle","","","d922a6b899444c93b7fd5898c1ff6faf"
"Patrol","3","Apr 10, 2023","10:03:32 PM","97.08916166666668","2.056818333333333","Jul 4, 2023, 9:30:42 AM","Dwi Iqbal Maulana","Sea turtle activity","IS: successful nesting","Amandangan","","105.0","95.0","","","Apr 10, 2023","","","","D: dune sand (area on top of dune)","A: above high tide","","","","","","CM: Green turtle","","","365535b475764ff2b2cca984c18d36f8"
"Patrol","2","Apr 10, 2023","9:56:08 PM","97.088225","2.057898333333333","Jul 4, 2023, 9:30:42 AM","Dwi Iqbal Maulana","Sea turtle activity","IS: successful nesting","Amandangan","","100.0","92.0","","","Apr 10, 2023","","","","T: beneath tree, shrub, forest","A: above high tide","","","","","","CM: Green turtle","","","7fa2af6f1aca4b6a85a6c49ec2ebf4e5"
"Patrol","15","Apr 10, 2023","10:00:16 AM","97.09066833333333","2.0547766666666667","Jul 4, 2023, 9:30:35 AM","Dwi Iqbal Maulana","Sea turtle activity","IS: successful nesting","Amandangan","","","","","","Apr 10, 2023","","","","T: beneath tree, shrub, forest","A: above high tide","","","","","","CM: Green turtle","","","7ed4a7f5fb304b3c851e5ccc860ecdab"
"Patrol","14","Apr 10, 2023","9:57:11 AM","97.08988333333333","2.055756666666667","Jul 4, 2023, 9:30:35 AM","Dwi Iqbal Maulana","Sea turtle activity","FC-U: false crawl without nesting attempt","Amandangan","","","","","","Apr 10, 2023","","","","B: beach (between high tide and slope)","BL: below tidal line","","","","","","CM: Green turtle","","","fb819f0478e742b3bc037ba933f9145b"
"Patrol","13","Apr 10, 2023","9:55:36 AM","97.08975000000001","2.0561000000000003","Jul 4, 2023, 9:30:35 AM","Dwi Iqbal Maulana","Sea turtle activity","FC-A: false crawl with nesting attempt","Amandangan","","","","","","Apr 10, 2023","","","","T: beneath tree, shrub, forest","A: above high tide","","","","","","CM: Green turtle","","","2593b526934c4f7089bedd26c9fce6a4"
"Patrol","12","Apr 10, 2023","9:52:37 AM","97.08936999999999","2.0564683333333336","Jul 4, 2023, 9:30:35 AM","Dwi Iqbal Maulana","Sea turtle activity","FC-A: false crawl with nesting attempt","Amandangan","","","","","","Apr 10, 2023","","","","G: dune in grass","A: above high tide","","","","","","CM: Green turtle","","","58bc27da97cc48d3aac193360b803b06"
"Patrol","11","Apr 10, 2023","9:49:54 AM","97.08883666666667","2.0570216666666665","Jul 4, 2023, 9:30:35 AM","Dwi Iqbal Maulana","Sea turtle activity","FC-A: false crawl with nesting attempt","Amandangan","","","","","","Apr 10, 2023","","","","S: front slope of dune in sand","BE: between low and high tide","","","","","","CM: Green turtle","","","5cb95fbb059644cb97916f17783affd1"
"Patrol","10","Apr 10, 2023","9:48:19 AM","97.08877666666667","2.0569550000000003","Jul 4, 2023, 9:30:35 AM","Dwi Iqbal Maulana","Sea turtle activity","FC-A: false crawl with nesting attempt","Amandangan","","","","","","Apr 10, 2023","","","","B: beach (between high tide and slope)","BL: below tidal line","","","","","","CM: Green turtle","","","7b0b7bb1558044ca90423820073b0e5b"
"Patrol","9","Apr 10, 2023","9:46:00 AM","97.08835833333333","2.0575883333333334","Jul 4, 2023, 9:30:35 AM","Dwi Iqbal Maulana","Sea turtle activity","FC-U: false crawl without nesting attempt","Amandangan","","","","","","Apr 10, 2023","","","","","","","","","","","CM: Green turtle","","","30cf7384517d476aa1d466a1162cb7d0"
"Patrol","8","Apr 10, 2023","9:44:31 AM","97.08827333333332","2.0576250000000003","Jul 4, 2023, 9:30:35 AM","Dwi Iqbal Maulana","Sea turtle activity","IS: successful nesting","Amandangan","","","","","","Apr 10, 2023","","","","D: dune sand (area on top of dune)","A: above high tide","","","","","","CM: Green turtle","","","912a104924c742b09dffe078451ff051"
"Patrol","7","Apr 10, 2023","9:42:10 AM","97.0881","2.057915","Jul 4, 2023, 9:30:35 AM","Dwi Iqbal Maulana","Sea turtle activity","FC-A: false crawl with nesting attempt","Amandangan","","","","","","Apr 10, 2023","","","","D: dune sand (area on top of dune)","A: above high tide","","","","","","CM: Green turtle","","","c5383bb792504eb59b6abbd19fd638f1"
"Patrol","6","Apr 10, 2023","9:40:33 AM","97.08798833333334","2.0581266666666664","Jul 4, 2023, 9:30:35 AM","Dwi Iqbal Maulana","Sea turtle activity","FC-A: false crawl with nesting attempt","Amandangan","","","","","","Apr 10, 2023","","","","","A: above high tide","","","","","","CM: Green turtle","","","b0bd25c304a24fa5a5b8a5469f980dd4"
"Patrol","5","Apr 10, 2023","9:37:39 AM","97.08761833333334","2.0586466666666667","Jul 4, 2023, 9:30:35 AM","Dwi Iqbal Maulana","Sea turtle activity","IS: successful nesting","Amandangan","","","","","","Apr 10, 2023","","","","T: beneath tree, shrub, forest","A: above high tide","","","","","Yes","CM: Green turtle","","","12ae41de8f8841e8815cca0d72466848"
"Patrol","4","Apr 10, 2023","9:35:23 AM","97.08756166666666","2.058765","Jul 4, 2023, 9:30:35 AM","Dwi Iqbal Maulana","Sea turtle activity","IS: successful nesting","Amandangan","","","","","","Apr 10, 2023","","","","T: beneath tree, shrub, forest","A: above high tide","","","","","","CM: Green turtle","","","20fb9156bb5946c696b48afed0a86a12"
"Patrol","3","Apr 10, 2023","9:33:30 AM","97.08751166666667","2.0589250000000003","Jul 4, 2023, 9:30:35 AM","Dwi Iqbal Maulana","Sea turtle activity","IS: successful nesting","Amandangan","","","","","","Apr 10, 2023","","","","T: beneath tree, shrub, forest","A: above high tide","","","","","Yes","CM: Green turtle","","","b29cb929c9634a1588c1746ba99c6278"
"Patrol","2","Apr 10, 2023","9:29:58 AM","97.08739500000001","2.05928","Jul 4, 2023, 9:30:35 AM","Dwi Iqbal Maulana","Sea turtle activity","H: hatching (both direct encounter and visible tracks)","Amandangan","","","","","1.0","Apr 10, 2023","","","","G: dune in grass","A: above high tide","","DE: death","Tidak menemukan cangkang karena terlalu dalam dam berakar","","","CM: Green turtle","","","96d6e37dcc284d9b86e3d61738c26310"
"Patrol","11","Apr 9, 2023","5:53:01 PM","97.08136833333334","2.0658533333333335","Jul 4, 2023, 9:30:15 AM","Dwi Iqbal Maulana","Sea turtle activity","","Pantai pelanggaran","","","","","","Apr 9, 2023","","","","G: dune in grass","A: above high tide","","","","","Yes","CM: Green turtle","","","b9da799b5f3240bbb5cbbcc59e2305b6"
"Patrol","10","Apr 9, 2023","5:44:52 PM","97.08113499999999","2.0641733333333336","Jul 4, 2023, 9:30:15 AM","Dwi Iqbal Maulana","Sea turtle activity","IS: successful nesting","Pantai kecil","","","","","","Apr 9, 2023","","","","T: beneath tree, shrub, forest","A: above high tide","","","","","Yes","CM: Green turtle","","","e5b8c0bf62ab4e90999af49c27662497"
"Patrol","9","Apr 9, 2023","5:41:10 PM","97.08139166666666","2.06365","Jul 4, 2023, 9:30:15 AM","Dwi Iqbal Maulana","Sea turtle activity","IS: successful nesting","Pantai kecil","","","","","","Apr 9, 2023","","","","T: beneath tree, shrub, forest","A: above high tide","","","","","Yes","CM: Green turtle","","","6ffcbb10a4c84e03b9f50c00f2b14979"
"Patrol","8","Apr 9, 2023","1:07:13 PM","97.09140166666666","2.0532850000000002","Jul 4, 2023, 9:30:15 AM","Dwi Iqbal Maulana","Sea turtle activity","","Amandangan","","","","","","Apr 9, 2023","","","","","","","","","","Yes","CM: Green turtle","","","0d762d3d29234805842d5756cd025bca"
"Patrol","7","Apr 9, 2023","1:04:45 PM","97.09108833333333","2.053633333333333","Jul 4, 2023, 9:30:15 AM","Dwi Iqbal Maulana","Sea turtle activity","FC-U: false crawl without nesting attempt","Amandangan","","","","","","Apr 9, 2023","","","","S: front slope of dune in sand","A: above high tide","","","","","","CM: Green turtle","","","26f38ed2cf88419687908ba5bc35841d"
"Patrol","6","Apr 9, 2023","12:56:20 PM","97.08921666666666","2.056591666666667","Jul 4, 2023, 9:30:15 AM","Dwi Iqbal Maulana","Sea turtle activity","FC-U: false crawl without nesting attempt","Amandangan","","","","","","Apr 9, 2023","","","","S: front slope of dune in sand","A: above high tide","","","","","","CM: Green turtle","","","aa595c08bb2642959d48803410218846"
"Patrol","5","Apr 9, 2023","12:50:19 PM","97.08768166666665","2.058673333333333","Jul 4, 2023, 9:30:15 AM","Dwi Iqbal Maulana","Sea turtle activity","IS: successful nesting","Amandangan","","","","","","Apr 9, 2023","","","","G: dune in grass","A: above high tide","","","","","Yes","CM: Green turtle","","","c1102001e8f24dd7aa0ea4d01296ab39"
"Patrol","4","Apr 9, 2023","12:41:27 PM","97.08744","2.059065","Jul 4, 2023, 9:30:15 AM","Dwi Iqbal Maulana","Sea turtle activity","H: hatching (both direct encounter and visible tracks)","Amandangan","","","","","","Apr 9, 2023","","94.0","","G: dune in grass","A: above high tide","","","","","","CM: Green turtle","","3.0","91810b28bb0d4557907fb53a55b9e76a"
"Patrol","3","Apr 9, 2023","12:33:06 PM","97.08636","2.0603350000000002","Jul 4, 2023, 9:30:15 AM","Dwi Iqbal Maulana","Sea turtle activity","IS: successful nesting","Amandangan","","","","","","Apr 9, 2023","","","","G: dune in grass","A: above high tide","","","","","","CM: Green turtle","","","bb14ecd401a24550a0c8ff1499b877de"
"Patrol","2","Apr 9, 2023","12:29:27 PM","97.08549666666667","2.0609783333333334","Jul 4, 2023, 9:30:15 AM","Dwi Iqbal Maulana","Sea turtle activity","IS: successful nesting","Amandangan","","","","","","Apr 9, 2023","","","","G: dune in grass","A: above high tide","","","","","Yes","CM: Green turtle","","","8ec835cb1e334b21acd23977c5916d5e"
"Patrol","6","Apr 9, 2023","1:06:16 AM","97.09102","2.05361","Jul 4, 2023, 9:30:01 AM","Dwi Iqbal Maulana","Sea turtle activity","IS: successful nesting","Amandangan","","105.0","102.0","","","Apr 9, 2023","","","","S: front slope of dune in sand","BE: between low and high tide","","","Sedang bertelur","","","CM: Green turtle","","","c48d0824fc2a482ea9f43f0dfed099ea"
"Patrol","5","Apr 8, 2023","11:09:39 PM","97.09121333333333","2.053895","Jul 4, 2023, 9:30:01 AM","Dwi Iqbal Maulana","Sea turtle activity","IS: successful nesting","Amandangan","","99.0","92.0","","","Apr 8, 2023","","","","G: dune in grass","A: above high tide","","","","","","CM: Green turtle","","","32be7e8db5094d76a787f2902fcf8c69"
"Patrol","4","Apr 8, 2023","11:00:09 PM","97.09092833333334","2.054673333333333","Jul 4, 2023, 9:30:01 AM","Dwi Iqbal Maulana","Sea turtle activity","IS: successful nesting","Amandangan","","87.0","74.0","","","Apr 8, 2023","","","","T: beneath tree, shrub, forest","A: above high tide","","","","","","CM: Green turtle","","","fe7c2fc87576447682b8889a5b3f33e1"
"Patrol","3","Apr 8, 2023","10:46:59 PM","97.090065","2.0558283333333334","Jul 4, 2023, 9:30:01 AM","Dwi Iqbal Maulana","Sea turtle activity","IS: successful nesting","Amandangan","","97.0","89.0","","","Apr 8, 2023","","","","T: beneath tree, shrub, forest","A: above high tide","","","","","","CM: Green turtle","","","3f9c1bc082b64a858ae3535eec7ecb89"
"Patrol","2","Apr 8, 2023","10:38:16 PM","97.08987666666665","2.0560833333333335","Jul 4, 2023, 9:30:01 AM","Dwi Iqbal Maulana","Sea turtle activity","IS: successful nesting","Amandangan","","105.0","94.0","","","Apr 8, 2023","","","","D: dune sand (area on top of dune)","A: above high tide","","","Kamuflase","","","CM: Green turtle","","","a749958de87f4e72a929e08972604bff"
"Patrol","6","Apr 8, 2023","11:17:17 AM","97.09102499999999","2.0539316666666663","Jul 4, 2023, 9:29:55 AM","Dwi Iqbal Maulana","Sea turtle activity","FC-A: false crawl with nesting attempt","Amandangan","","","","","","Apr 8, 2023","","","","","BE: between low and high tide","","","","","","CM: Green turtle","","","755737f84a184b95a5aa5923b0473d0a"
"Patrol","5","Apr 8, 2023","11:08:15 AM","97.088495","2.0575533333333333","Jul 4, 2023, 9:29:55 AM","Dwi Iqbal Maulana","Sea turtle activity","H: hatching (both direct encounter and visible tracks)","Amandangan","","","","","","Apr 8, 2023","","","","G: dune in grass","A: above high tide","","","","","","CM: Green turtle","","","d310b35fa4964ddebf8d1d3e471ceb03"
"Patrol","4","Apr 8, 2023","11:05:00 AM","97.08823833333332","2.0579383333333334","Jul 4, 2023, 9:29:55 AM","Dwi Iqbal Maulana","Sea turtle activity","H: hatching (both direct encounter and visible tracks)","Amandangan","","","","","","Apr 8, 2023","","","","D: dune sand (area on top of dune)","A: above high tide","","","","","","CM: Green turtle","","","74c2cfc897f442879f6f3b6a75785d3d"
"Patrol","3","Apr 8, 2023","10:58:31 AM","97.08727500000002","2.059651666666667","Jul 4, 2023, 9:29:55 AM","Dwi Iqbal Maulana","Sea turtle activity","IS: successful nesting","Amandangan","","","","","","Apr 8, 2023","","","","S: front slope of dune in sand","A: above high tide","","","","","","CM: Green turtle","","","ce64c7e2d1d94fda963d569cd27221e8"
"Patrol","2","Apr 8, 2023","10:52:54 AM","97.08548666666665","2.060931666666667","Jul 4, 2023, 9:29:55 AM","Dwi Iqbal Maulana","Sea turtle activity","FC-A: false crawl with nesting attempt","Amandangan","","","","","","Apr 8, 2023","","","","B: beach (between high tide and slope)","BE: between low and high tide","","","","","","CM: Green turtle","","","b72a59a18a6a4aaf84af4fa0b4a14c38"
"Patrol","2","Apr 8, 2023","1:37:00 AM","97.09125","2.0531916666666663","Jul 4, 2023, 9:29:48 AM","Dwi Iqbal Maulana","Sea turtle activity","H: hatching (both direct encounter and visible tracks)","Amandangan","","","","","","Apr 8, 2023","","105.0","","S: front slope of dune in sand","BE: between low and high tide","","","","","","CM: Green turtle","","24.0","a5a37a9d10f64048abd12e193789281d"
"Patrol","20","Apr 7, 2023","1:18:46 PM","97.09046333333332","2.055441666666667","Jul 4, 2023, 9:29:45 AM","Dwi Iqbal Maulana","Sea turtle activity","H: hatching (both direct encounter and visible tracks)","Amandangan","","","","","","Apr 7, 2023","","","","T: beneath tree, shrub, forest","A: above high tide","","","Tidak menemukan cangkag karena terlalu dalam, dan banyak sekali akar, Hanya jejak saja","","","CM: Green turtle","","","12b3e5db43d440fa9e3baa62087d8cc9"
"Patrol","19","Apr 7, 2023","1:09:16 PM","97.09070666666666","2.054925","Jul 4, 2023, 9:29:45 AM","Dwi Iqbal Maulana","Sea turtle activity","H: hatching (both direct encounter and visible tracks)","Amandangan","","","","","","Apr 7, 2023","","28.0","","S: front slope of dune in sand","A: above high tide","","","Banyak telur yg membusuk/","","","CM: Green turtle","","45.0","2dff5b3666054b779710f25bcc26dd1f"
"Patrol","18","Apr 7, 2023","12:16:15 PM","97.091125","2.0526633333333333","Jul 4, 2023, 9:29:45 AM","Dwi Iqbal Maulana","Sea turtle activity","FC-U: false crawl without nesting attempt","Amandangan","","","","","","Apr 7, 2023","","","","B: beach (between high tide and slope)","BE: between low and high tide","","","","","","CM: Green turtle","","","bd6e3b52e43d45bfbeea13ead81d67e5"
"Patrol","17","Apr 7, 2023","12:13:41 PM","97.09141833333334","2.05298","Jul 4, 2023, 9:29:45 AM","Dwi Iqbal Maulana","Sea turtle activity","IS: successful nesting","Amandangan","","","","","","Apr 7, 2023","","","","G: dune in grass","A: above high tide","","","","","Yes","CM: Green turtle","","","38cdcc46fa2c434782194ff3db5211b5"
"Patrol","16","Apr 7, 2023","11:57:22 AM","97.09022666666667","2.0556666666666668","Jul 4, 2023, 9:29:45 AM","Dwi Iqbal Maulana","Sea turtle activity","IS: successful nesting","Amandangan","","","","","","Apr 7, 2023","","","","T: beneath tree, shrub, forest","A: above high tide","","","Sarang yg masih utuh","","","CM: Green turtle","","","80250c9680854673ba7f320a930807d2"
"Patrol","15","Apr 7, 2023","11:54:46 AM","97.090025","2.055815","Jul 4, 2023, 9:29:45 AM","Dwi Iqbal Maulana","Sea turtle activity","IS: successful nesting","Amandangan","","","","","","Apr 7, 2023","","","","D: dune sand (area on top of dune)","A: above high tide","","","Sarang baru mencurigakan,, banyak jejak di atas sarang, dan sarang sudah rata","","","CM: Green turtle","","","29f586f0160d45cd8ed59d8ce0c177dd"
"Patrol","14","Apr 7, 2023","11:50:26 AM","97.08987499999999","2.056143333333333","Jul 4, 2023, 9:29:45 AM","Dwi Iqbal Maulana","Sea turtle activity","IS: successful nesting","Amandangan","","","","","","Apr 7, 2023","","","","T: beneath tree, shrub, forest","A: above high tide","","","Di curi","","","CM: Green turtle","","","186d2b07c0114c499de8dbf774d7d8c9"
"Patrol","13","Apr 7, 2023","11:44:11 AM","97.08895499999998","2.0570049999999998","Jul 4, 2023, 9:29:45 AM","Dwi Iqbal Maulana","Sea turtle activity","H: hatching (both direct encounter and visible tracks)","Amandangan","","","","","","Apr 7, 2023","","47.0","","T: beneath tree, shrub, forest","A: above high tide","","","","","","CM: Green turtle","","64.0","49342e57677b4db9a45957c3077eb636"
"Patrol","12","Apr 7, 2023","11:20:40 AM","97.08848666666667","2.0574016666666664","Jul 4, 2023, 9:29:45 AM","Dwi Iqbal Maulana","Sea turtle activity","IS: successful nesting","Amandangan","","","","","","Apr 7, 2023","","","","D: dune sand (area on top of dune)","A: above high tide","","","Di gali/Di curi","","","CM: Green turtle","","","f1b3d539539b4ee490a0ad08755983e1"
"Patrol","11","Apr 7, 2023","11:13:10 AM","97.08767166666667","2.0583183333333332","Jul 4, 2023, 9:29:45 AM","Dwi Iqbal Maulana","Sea turtle activity","FC-U: false crawl without nesting attempt","Amandangan","","","","","","Apr 7, 2023","","","","B: beach (between high tide and slope)","BL: below tidal line","","","","","","CM: Green turtle","","","1fd9d260f0184687a494fd3dacf6ec42"
"Patrol","10","Apr 7, 2023","11:11:22 AM","97.08783","2.0584016666666667","Jul 4, 2023, 9:29:45 AM","Dwi Iqbal Maulana","Sea turtle activity","IS: successful nesting","Amandangan","","","","","","Apr 7, 2023","","","","T: beneath tree, shrub, forest","A: above high tide","","","Di gali","","","CM: Green turtle","","","3ecb60ec1c5345289ae37adf67df1085"
"Patrol","9","Apr 7, 2023","11:09:33 AM","97.08778833333332","2.0584433333333334","Jul 4, 2023, 9:29:45 AM","Dwi Iqbal Maulana","Sea turtle activity","FC-U: false crawl without nesting attempt","Amandangan","","","","","","Apr 7, 2023","","","","G: dune in grass","A: above high tide","","","","","","CM: Green turtle","","","fb317f3214904dfe95033efb64ab8883"
"Patrol","8","Apr 7, 2023","11:05:28 AM","97.08767000000002","2.0586083333333334","Jul 4, 2023, 9:29:45 AM","Dwi Iqbal Maulana","Sea turtle activity","IS: successful nesting","Amandangan","","","","","","Apr 7, 2023","","","","D: dune sand (area on top of dune)","A: above high tide","","","Di gali","","","CM: Green turtle","","","bd2e8c410b324d5b8784a3562945b4ca"
"Patrol","7","Apr 7, 2023","11:03:21 AM","97.08762833333334","2.0587050000000002","Jul 4, 2023, 9:29:45 AM","Dwi Iqbal Maulana","Sea turtle activity","IS: successful nesting","Amandangan","","","","","","Apr 7, 2023","","","","D: dune sand (area on top of dune)","A: above high tide","","","Di Gali","","","CM: Green turtle","","","6177a456cabb4e0c8f9b2767f1b2eefe"
"Patrol","6","Apr 7, 2023","10:58:33 AM","97.08748666666666","2.0589916666666666","Jul 4, 2023, 9:29:45 AM","Dwi Iqbal Maulana","Sea turtle activity","H: hatching (both direct encounter and visible tracks)","Amandangan","","","","","","Apr 7, 2023","","97.0","","G: dune in grass","A: above high tide","","","Jumlah cangkang 97 Jumlah gagal menetas 2","","","CM: Green turtle","","2.0","aad6e66897f3447a8650c9405089eb89"
"Patrol","5","Apr 7, 2023","10:39:55 AM","97.08745166666668","2.0590266666666666","Jul 4, 2023, 9:29:45 AM","Dwi Iqbal Maulana","Sea turtle activity","IS: successful nesting","Amandangan","","","","","","Apr 7, 2023","","","","G: dune in grass","A: above high tide","","","Di gali","","","CM: Green turtle","","","0600554c390e4f8291780d1cd25a7bf8"
"Patrol","4","Apr 7, 2023","10:27:46 AM","97.08581833333334","2.060475","Jul 4, 2023, 9:29:45 AM","Dwi Iqbal Maulana","Sea turtle activity","FC-U: false crawl without nesting attempt","Amandangan","","","","","","Apr 7, 2023","","","","B: beach (between high tide and slope)","BL: below tidal line","","","","","","CM: Green turtle","","","6e52db08f71b40c6a92f90b76b953fed"
"Patrol","3","Apr 7, 2023","10:25:38 AM","97.08554000000001","2.0609033333333335","Jul 4, 2023, 9:29:45 AM","Dwi Iqbal Maulana","Sea turtle activity","IS: successful nesting","Amandangan","","","","","","Apr 7, 2023","","","","T: beneath tree, shrub, forest","A: above high tide","","","Sarang mecurigakan,,","","","CM: Green turtle","","","e34670433576453597b5a4147e1781f4"
"Patrol","2","Apr 7, 2023","10:23:35 AM","97.08558999999998","2.060888333333333","Jul 4, 2023, 9:29:44 AM","Dwi Iqbal Maulana","Sea turtle activity","","Amandangan","","","","","","Apr 7, 2023","","","","T: beneath tree, shrub, forest","A: above high tide","","","Sarang di gali biawak, di perkirakan sarang berumur Â± satu minggu","","Yes","CM: Green turtle","","","ef428bf827d94f399c60e7cc6e085407"
"Patrol","7","Apr 6, 2023","8:34:05 AM","97.09137666666666","2.0531983333333335","Apr 15, 2023, 10:55:40 AM","Dwi Iqbal Maulana","Sea turtle activity","IS: successful nesting","Amandangan","","","","","","Apr 6, 2023","","","","D: dune sand (area on top of dune)","BE: between low and high tide","","","","","","CM: Green turtle","","","d0c494f27221424b89ca1b0591e8c2a4"
"Patrol","6","Apr 6, 2023","8:31:06 AM","97.09112666666667","2.0537883333333338","Apr 15, 2023, 10:55:40 AM","Dwi Iqbal Maulana","Sea turtle activity","IS: successful nesting","Amandangan","","","","","","Apr 6, 2023","","","","G: dune in grass","A: above high tide","","","","","","CM: Green turtle","","","262e02c393984ad8b94a32eab2d24136"
"Patrol","5","Apr 6, 2023","8:25:55 AM","97.09010166666667","2.0555016666666663","Apr 15, 2023, 10:55:40 AM","Dwi Iqbal Maulana","Bird's monitoring","","","Beach stone-curlew","","","","","","Apr 6, 2023","","Beach","","","2.0","","","Ground","","","Standing","","e03f3d978b5f42f8a1c904d9ff7a00a0"
"Patrol","4","Apr 6, 2023","8:21:41 AM","97.08936999999999","2.0562833333333335","Apr 15, 2023, 10:55:40 AM","Dwi Iqbal Maulana","Sea turtle activity","FC-U: false crawl without nesting attempt","Amandangan","","","","","","Apr 6, 2023","","","","","","","","","","","CM: Green turtle","","","c0f31d9903e5436dabf5635ee7584997"
"Patrol","3","Apr 6, 2023","8:15:59 AM","97.08782833333335","2.058333333333333","Apr 15, 2023, 10:55:40 AM","Dwi Iqbal Maulana","Sea turtle activity","IS: successful nesting","Amandangan","","","","","","Apr 6, 2023","","","","G: dune in grass","A: above high tide","","","","","","CM: Green turtle","","","21497c03dc364fd88721bba57f4cb279"
"Patrol","2","Apr 6, 2023","7:58:08 AM","97.08285833333333","2.063575","Apr 15, 2023, 10:55:40 AM","Dwi Iqbal Maulana","Bird's monitoring","","","Nias hill myna","","","Jarak  seratus meter","","","Apr 6, 2023","","Forest","","","3.0","","","Tree","","","Feeding","","b386482b6823480a81218be9c1ed1584"
